gamma_initial,mass,velocity_initial,lift_multiplier,drag_multiplier,density_multiplier,success,failure,max_total_heat_flux,max_rad_heat_flux,max_conv_heat_flux,max_g_load,apoapsis_altitude,periapsis_altitude,delta_v,velocity_exit
-10.831598217231114,10021.240544332319,15920.984172222485,0.8427202355035248,1.1951696024117475,<scipy.interpolate._cubic.PchipInterpolator object at 0x000001DD2A8D4EC0>,False,APOAPSIS_OUT_OF_RANGE,,,,,,,,
-10.521895936209747,10040.269349370137,15820.157264559273,0.9425034164662285,0.8604163224102068,<scipy.interpolate._cubic.PchipInterpolator object at 0x000001DD2A86F610>,False,STEP1_NO_BANK,,,,,,,,
-10.652077204498912,10008.069405752807,15922.201166256737,1.0363388583743292,0.9870719649589238,<scipy.interpolate._cubic.PchipInterpolator object at 0x000001DD2A86F390>,True,SUCCESS,391.6697177051851,244.95432902029233,147.5431782310788,8.516789509772313,499999.82741826214,59898.78850414805,123.94039682621951,3534.101719204648
-10.654444980463728,10025.503135105268,16223.500154423782,1.0482931951560062,0.9520956569899196,<scipy.interpolate._cubic.PchipInterpolator object at 0x000001DD2A833E10>,True,SUCCESS,459.3536568561917,298.335991754857,162.42868598309224,9.450492334686352,499999.3440018934,59717.77804605588,130.32800402980502,3528.333838457759
-10.21421314952952,9988.286098921515,15903.875142167653,0.9958680968908149,1.2729441196718863,<scipy.interpolate._cubic.PchipInterpolator object at 0x000001DD2AA40050>,False,STEP1_NO_BANK,,,,,,,,
-10.333831656045858,10007.312270732386,15986.429568765936,0.950208284131859,1.1408238107654671,<scipy.interpolate._cubic.PchipInterpolator object at 0x000001DD2A8E8A70>,False,STEP1_NO_BANK,,,,,,,,
-10.637995008154837,10007.72324813178,16138.940204799288,1.0493416856523932,0.8983468907413149,<scipy.interpolate._cubic.PchipInterpolator object at 0x000001DD7FA7CC00>,True,SUCCESS,512.2866484566898,343.27025686652735,169.81177362879473,10.195675329207178,458503.8935157724,59572.75654757277,141.347882363621,3500.8061037826874
-10.745394280417322,9983.681788139775,16273.794392871072,1.0322023856461016,0.892705865631782,<scipy.interpolate._cubic.PchipInterpolator object at 0x000001DD2A8BD590>,False,STEP2_EXITED_ATMOSPHERE,,,,,,,,
-10.739810059327262,9972.412163321169,16350.758290515167,0.9994541213852112,1.0451198370584986,<scipy.interpolate._cubic.PchipInterpolator object at 0x000001DD7FA31E50>,False,STEP2_EXITED_ATMOSPHERE,,,,,,,,
-10.719251332191071,9995.023730239576,15849.559892487561,1.031483597416334,0.929841647654139,<scipy.interpolate._cubic.PchipInterpolator object at 0x000001DD492CF450>,False,STEP2_EXITED_ATMOSPHERE,,,,,,,,
-10.039714444724517,9965.942633238574,15674.882499451556,0.9962401101090234,1.023390151032908,<scipy.interpolate._cubic.PchipInterpolator object at 0x000001DD7FA6C7D0>,False,STEP1_NO_BANK,,,,,,,,
-10.952185670495842,10032.653863570427,15835.08644842602,0.9884545610611777,0.8388268190654831,<scipy.interpolate._cubic.PchipInterpolator object at 0x000001DD2A7666C0>,True,SUCCESS,563.1569629967523,385.4240635447961,178.70548244319767,9.938752849006256,499999.8592207991,59572.760452513605,122.62436237709562,3535.7532593225965
-10.40428295078522,9955.42093608207,15941.663997652671,1.1685154185496063,0.938077937814825,<scipy.interpolate._cubic.PchipInterpolator object at 0x000001DD2A901EF0>,False,STEP1_TOO_MANY_ITERATIONS,,,,,,,,
-10.692239979350763,9997.075794312377,16386.699421199814,1.1206141295972385,0.9690730144722469,<scipy.interpolate._cubic.PchipInterpolator object at 0x000001DD2A901FD0>,False,STEP2_EXITED_ATMOSPHERE,,,,,,,,
-10.242926209541313,9959.716237549423,15763.263842126147,0.946721308104298,1.038555841865625,<scipy.interpolate._cubic.PchipInterpolator object at 0x000001DD2A9E1640>,False,STEP1_NO_BANK,,,,,,,,
-10.447803675667792,10049.117506521681,16171.577063497482,1.3135164282069869,0.8905456110742375,<scipy.interpolate._cubic.PchipInterpolator object at 0x000001DD493168D0>,True,SUCCESS,,,,11.334972607156224,500000.00462468475,60027.8598485879,155.90771150447654,3505.0494801758023
-10.66364289242544,9912.136653146705,15948.811429031834,0.9548576179491713,0.9367883390446663,<scipy.interpolate._cubic.PchipInterpolator object at 0x000001DD2A869F10>,False,APOAPSIS_OUT_OF_RANGE,,,,,,,,
-10.871840139814173,10004.17850778303,15862.649653896378,0.985813472140538,1.1255126922032999,<scipy.interpolate._cubic.PchipInterpolator object at 0x000001DD2A991E90>,False,APOAPSIS_OUT_OF_RANGE,,,,,,,,
-10.598013540569008,10064.721850670696,15738.559506490452,1.0489262455065884,1.1012385411331862,<scipy.interpolate._cubic.PchipInterpolator object at 0x000001DD2A96EF10>,True,SUCCESS,333.0196763936884,200.33268894471868,133.4334178044296,8.326586741278435,499999.96259355306,59587.31123293121,134.64760849861614,3524.321750873065
-10.499043757448337,10003.808370667066,15900.67026355359,1.0007067316929197,0.9532138488990959,<scipy.interpolate._cubic.PchipInterpolator object at 0x000001DD2A8BAA30>,True,SUCCESS,,,,8.125559419210653,482094.68890774663,60019.4894179502,135.96519170555212,3515.4551289013966
-10.770605185984607,9983.209356571515,16195.67887856598,0.9824398742092537,0.844068058504518,<scipy.interpolate._cubic.PchipInterpolator object at 0x000001DD2A8BAAD0>,False,STEP1_NO_BANK,,,,,,,,
-10.919544222958596,10021.994200395224,16012.586059259595,1.0228554016811817,1.1481993223733353,<scipy.interpolate._cubic.PchipInterpolator object at 0x000001DD2A9F97F0>,False,STEP2_EXITED_ATMOSPHERE,,,,,,,,
-10.56266454452059,10052.205424247011,15844.992493901895,1.0941628298254094,0.9809678794113285,<scipy.interpolate._cubic.PchipInterpolator object at 0x000001DD2A90FBD0>,False,STEP1_NO_BANK,,,,,,,,
-10.511476321151777,10045.973791711944,15596.791560560605,1.122665028940442,0.9584026829472799,<scipy.interpolate._cubic.PchipInterpolator object at 0x000001DD2A90FC50>,False,STEP1_NO_BANK,,,,,,,,
-10.946278313065301,10009.957353320864,15697.965705621758,1.1106963141717565,0.8826341689588141,<scipy.interpolate._cubic.PchipInterpolator object at 0x000001DD2A8E6DD0>,False,STEP2_EXITED_ATMOSPHERE,,,,,,,,
-10.680179414994925,9952.74409056644,15731.530173425333,0.8886505734768173,0.9696202092939886,<scipy.interpolate._cubic.PchipInterpolator object at 0x000001DD2A8E7380>,False,STEP1_NO_BANK,,,,,,,,
-10.905129769221867,10004.440010450504,16326.125581019429,1.050628758708877,1.2336421804808602,<scipy.interpolate._cubic.PchipInterpolator object at 0x000001DD2A8E6AC0>,False,APOAPSIS_OUT_OF_RANGE,,,,,,,,
-10.751056264224184,10031.079876130683,16147.349182286063,0.9191432700573898,0.9313227950220202,<scipy.interpolate._cubic.PchipInterpolator object at 0x000001DD2A8E75B0>,False,STEP1_NO_BANK,,,,,,,,
-11.086664002450059,9993.02416738222,16126.054849365884,0.9277327667708324,0.9986847791975595,<scipy.interpolate._cubic.PchipInterpolator object at 0x000001DD2A8E7540>,False,APOAPSIS_OUT_OF_RANGE,,,,,,,,
-10.979875217263665,10033.675426620826,16095.0172192448,1.058367084921936,1.0140753626981185,<scipy.interpolate._cubic.PchipInterpolator object at 0x000001DD2A8E7620>,False,STEP2_EXITED_ATMOSPHERE,,,,,,,,
-11.005692668836021,9999.677453101476,15654.13129702792,0.9930429645734887,0.9664575853338291,<scipy.interpolate._cubic.PchipInterpolator object at 0x000001DD2A8E7700>,False,STEP2_EXITED_ATMOSPHERE,,,,,,,,
-10.280971582015672,9990.030534910764,16170.398389059666,0.85667646721589,0.9837240834579535,<scipy.interpolate._cubic.PchipInterpolator object at 0x000001DD2A8E77E0>,False,STEP1_NO_BANK,,,,,,,,
-10.886967066276407,10007.979822294401,15969.738474421556,1.1026242110878413,1.135096206454111,<scipy.interpolate._cubic.PchipInterpolator object at 0x000001DD2A8E7850>,True,SUCCESS,435.4462335111377,279.08123189482336,156.574813122043,10.898779107511759,499999.57436746557,59918.09633860717,132.8572355463234,3526.520162902532
-10.487531776946796,10045.35543451632,15833.895402178063,0.8606418798138403,1.1921284963482597,<scipy.interpolate._cubic.PchipInterpolator object at 0x000001DD2A8E7AF0>,False,STEP1_NO_BANK,,,,,,,,
-10.072905415316331,10012.658917505158,16339.080898587781,0.9074717442247868,0.8872232441244972,<scipy.interpolate._cubic.PchipInterpolator object at 0x000001DD2A8E7A10>,False,STEP1_NO_BANK,,,,,,,,
-10.80433562700405,10011.766572762517,15897.528860163146,0.9374668233806182,1.099031176961893,<scipy.interpolate._cubic.PchipInterpolator object at 0x000001DD2A8E7B60>,False,STEP2_EXITED_ATMOSPHERE,,,,,,,,
-11.068702693306717,9961.994670863249,15898.427069085896,1.0754577146225028,0.959652323863623,<scipy.interpolate._cubic.PchipInterpolator object at 0x000001DD2A8E7BD0>,False,STEP2_EXITED_ATMOSPHERE,,,,,,,,
-10.456348010992565,9959.741187116402,16245.944197093208,1.1199094678833394,1.2459417671326876,<scipy.interpolate._cubic.PchipInterpolator object at 0x000001DD2A8E7D90>,True,SUCCESS,344.93950565074755,207.63696677590934,138.40483084443267,9.781527914787867,483422.98734436894,59710.378200357765,147.71171995872828,3506.1043156774795
-10.351218492425186,9956.971124461363,16173.537854980808,0.9585597260318214,0.9435729098108551,<scipy.interpolate._cubic.PchipInterpolator object at 0x000001DD2A8E7C40>,False,STEP1_NO_BANK,,,,,,,,
-10.414681333288089,10037.14133949266,15554.93114681662,1.025586264959174,0.8810989592457122,<scipy.interpolate._cubic.PchipInterpolator object at 0x000001DD2A8E7E00>,False,STEP1_NO_BANK,,,,,,,,
-10.932146670437847,9955.976763442637,15967.524019685981,1.0565149712046817,0.9725596662483774,<scipy.interpolate._cubic.PchipInterpolator object at 0x000001DD2A9381A0>,True,SUCCESS,,,,10.23415439070934,471881.38275907433,59955.50593607171,141.11703291698177,3506.6673814606133
-10.982780567106172,9998.120948243068,15758.354078904767,1.1264714083363883,0.8244562865964922,<scipy.interpolate._cubic.PchipInterpolator object at 0x000001DD2A8E7F50>,True,SUCCESS,568.7381605323247,392.6442118523596,177.015367187348,10.957015768805597,458294.78774110856,59837.63931264274,147.53614079600584,3495.2310641566155
-11.076868686532473,10063.463366390119,16105.852841369924,1.0046965160020735,0.9334114287743087,<scipy.interpolate._cubic.PchipInterpolator object at 0x000001DD2A938210>,False,STEP2_EXITED_ATMOSPHERE,,,,,,,,
-11.201463235694089,10057.317764523163,15837.575320681814,1.1692953645988293,1.0139851858918283,<scipy.interpolate._cubic.PchipInterpolator object at 0x000001DD2A9383D0>,True,SUCCESS,,,,13.492804751636463,450092.1023360387,59985.01534760271,155.7763433158816,3484.1495038434523
-10.891445542909882,9946.367705018252,15955.775062087825,0.9646001354729333,0.984353151738381,<scipy.interpolate._cubic.PchipInterpolator object at 0x000001DD2A9382F0>,False,APOAPSIS_OUT_OF_RANGE,,,,,,,,
-10.566882922827372,10007.311024260469,16192.052483471136,1.0443212365211296,0.9816275766605083,<scipy.interpolate._cubic.PchipInterpolator object at 0x000001DD2A938520>,False,STEP1_NO_BANK,,,,,,,,
-10.411399043439848,10009.604070884514,16042.257147432943,0.886976937837632,1.0373932973180942,<scipy.interpolate._cubic.PchipInterpolator object at 0x000001DD2A938590>,False,STEP1_NO_BANK,,,,,,,,
-11.312137953394044,10016.575462296545,16153.766093316317,0.7405569035575039,0.8343259808664591,<scipy.interpolate._cubic.PchipInterpolator object at 0x000001DD2A9386E0>,False,STEP2_EXITED_ATMOSPHERE,,,,,,,,
-10.916060139596269,10104.361727158677,16043.665789483437,0.9020155483252577,1.039151544645326,<scipy.interpolate._cubic.PchipInterpolator object at 0x000001DD2A938830>,True,SUCCESS,512.361646288325,341.3055644263493,171.56682813819066,10.615675262359431,483769.34328173706,59571.43464468342,123.98727563953025,3527.5028469806425
-10.510481240116167,10014.34463617798,15697.263022045645,0.7860362840038049,1.0383473074944733,<scipy.interpolate._cubic.PchipInterpolator object at 0x000001DD2A938750>,False,STEP1_NO_BANK,,,,,,,,
-10.991801391732432,9952.300554516345,15729.723882164359,0.9259725394698383,1.150671907617769,<scipy.interpolate._cubic.PchipInterpolator object at 0x000001DD2A938910>,False,STEP3_NO_VALID_BANK,,,,,,,,
-10.058253811630172,9996.75488131143,15946.742102838267,0.7803983235116373,0.8389677489727249,<scipy.interpolate._cubic.PchipInterpolator object at 0x000001DD2A9389F0>,False,STEP1_NO_BANK,,,,,,,,
-10.74343236212164,9981.236385184384,15907.495660958168,0.9158563684055963,0.9501222968790545,<scipy.interpolate._cubic.PchipInterpolator object at 0x000001DD2A938B40>,True,SUCCESS,,,,8.729177925686383,500000.07483597577,59510.226853260574,129.76410540210827,3528.780959704313
-11.07506232168779,9944.348456355572,15850.907215627409,0.9006409103227242,1.0450059796836886,<scipy.interpolate._cubic.PchipInterpolator object at 0x000001DD2A938C20>,False,STEP2_EXITED_ATMOSPHERE,,,,,,,,
-10.843038153682961,9919.558888370857,15952.906899878262,1.0038411691545275,1.0345969338886782,<scipy.interpolate._cubic.PchipInterpolator object at 0x000001DD2A938D70>,False,STEP2_EXITED_ATMOSPHERE,,,,,,,,
-10.884129563452097,10062.038145809605,16131.303409468153,0.9422147566442304,1.0741724277713942,<scipy.interpolate._cubic.PchipInterpolator object at 0x000001DD2A938A60>,False,APOAPSIS_OUT_OF_RANGE,,,,,,,,
-10.729189002740988,9969.342994554183,16061.832976132251,1.069027831336738,0.9719441197972256,<scipy.interpolate._cubic.PchipInterpolator object at 0x000001DD2A938EC0>,True,SUCCESS,,,,10.38669968263699,461123.8833791719,59650.0328836879,145.33073499748934,3498.0385719552146
-10.816968448969904,9987.348457909296,15880.467107255952,1.0302120810175677,0.9747321436293319,<scipy.interpolate._cubic.PchipInterpolator object at 0x000001DD2A93B7E0>,False,APOAPSIS_OUT_OF_RANGE,,,,,,,,
-10.966412476361123,10004.291671588648,16000.876704739505,1.0192344836092837,1.0083531232784426,<scipy.interpolate._cubic.PchipInterpolator object at 0x000001DD2A938D00>,True,SUCCESS,526.5079256704295,352.92206072122633,173.58586494920317,11.199417878854804,499999.4654903839,59757.1336195355,130.6341807874851,3528.3154760940615
-10.467094569157467,9980.136593301188,15988.997581493579,1.0130359089709453,1.2007360307294908,<scipy.interpolate._cubic.PchipInterpolator object at 0x000001DD2A93B9A0>,False,APOAPSIS_OUT_OF_RANGE,,,,,,,,
-9.76522209342933,10005.418699074158,16147.586085332357,1.0569134990069236,1.012147773733024,<scipy.interpolate._cubic.PchipInterpolator object at 0x000001DD2A93BA10>,False,STEP1_NO_BANK,,,,,,,,
-10.77919712401808,10057.803752478992,16034.428687563302,1.224842980816037,0.8786600334473295,<scipy.interpolate._cubic.PchipInterpolator object at 0x000001DD2A93BB60>,True,SUCCESS,445.6217217624652,286.76591537868023,159.56216206124097,9.139786697956072,500000.3853661294,59501.687583501,125.09992389476929,3532.89608872271
-10.856835573204531,10029.09384304643,15908.644430077455,1.065532421715186,1.1079671063916765,<scipy.interpolate._cubic.PchipInterpolator object at 0x000001DD2A93BCB0>,False,STEP2_EXITED_ATMOSPHERE,,,,,,,,
-10.626306841518222,9998.39516513558,16305.62766173328,0.9463826233219075,0.910915358197607,<scipy.interpolate._cubic.PchipInterpolator object at 0x000001DD2A93BD20>,False,STEP1_NO_BANK,,,,,,,,
-11.231277946718345,9957.686208234869,15968.657181032133,0.9096678219014617,0.9472619321240733,<scipy.interpolate._cubic.PchipInterpolator object at 0x000001DD2A93BD90>,False,STEP2_EXITED_ATMOSPHERE,,,,,,,,
-11.190435690025868,10007.248647842234,16010.737821915143,0.9508091468780653,1.0835474049908287,<scipy.interpolate._cubic.PchipInterpolator object at 0x000001DD2A93BF50>,False,STEP2_EXITED_ATMOSPHERE,,,,,,,,
-10.917210543401193,10015.456545375633,15796.163196224144,0.9798745085931369,1.024473969226823,<scipy.interpolate._cubic.PchipInterpolator object at 0x000001DD2A93B8C0>,False,STEP2_EXITED_ATMOSPHERE,,,,,,,,
-10.143189088560995,9987.014664283,16198.373626171637,0.9317268863490745,0.9054014203006662,<scipy.interpolate._cubic.PchipInterpolator object at 0x000001DD2AB28050>,False,STEP1_NO_BANK,,,,,,,,
-10.017370461557208,10018.952872167047,15846.798308751882,1.0737786143448724,0.9452521220444909,<scipy.interpolate._cubic.PchipInterpolator object at 0x000001DD2AB28130>,False,STEP1_NO_BANK,,,,,,,,
-11.128478610081281,9972.49434723827,15576.934013149652,1.0607387779434994,0.9826112090963152,<scipy.interpolate._cubic.PchipInterpolator object at 0x000001DD2AB28280>,False,STEP2_EXITED_ATMOSPHERE,,,,,,,,
-11.193052458347873,9968.575630386938,15904.403805925169,1.1187906771897151,1.2274531589399864,<scipy.interpolate._cubic.PchipInterpolator object at 0x000001DD2AB28440>,True,SUCCESS,471.6747319993475,308.68924047913345,162.98549152021408,12.78960091030176,483680.57548527647,59993.57534048716,142.83023663393942,3510.6366025828065
-10.603489126304456,10053.78610110478,16156.85660953795,0.9172001397533899,0.9409754134155619,<scipy.interpolate._cubic.PchipInterpolator object at 0x000001DD2AB28360>,True,SUCCESS,452.64349512742393,294.05353949967474,160.25573339578762,8.764493242530138,459264.93033664266,59720.791021626195,128.7982103733857,3512.7974762248855
-11.293554486561215,10048.133592047328,15881.831992455249,0.8308395377663633,0.9178642532714093,<scipy.interpolate._cubic.PchipInterpolator object at 0x000001DD2AB28520>,False,STEP2_EXITED_ATMOSPHERE,,,,,,,,
-10.963743353898058,10000.042248961088,15643.002243527833,0.9286431213066002,0.9781766751516735,<scipy.interpolate._cubic.PchipInterpolator object at 0x000001DD2AB28670>,False,APOAPSIS_OUT_OF_RANGE,,,,,,,,
-10.119219390725107,10064.299336247142,15908.38411899137,0.9053221928182122,1.0748426650376068,<scipy.interpolate._cubic.PchipInterpolator object at 0x000001DD2AB28590>,False,STEP1_NO_BANK,,,,,,,,
-10.785577648567239,9969.158308853304,15966.952971305198,0.8902417510530121,1.153271044126205,<scipy.interpolate._cubic.PchipInterpolator object at 0x000001DD2AB287C0>,False,APOAPSIS_OUT_OF_RANGE,,,,,,,,
-11.224148647264304,9962.05393641288,15749.235996358691,0.8050516403713386,1.1541234067963262,<scipy.interpolate._cubic.PchipInterpolator object at 0x000001DD2AB288A0>,False,STEP2_EXITED_ATMOSPHERE,,,,,,,,
-10.968554256818429,10001.517943111145,15976.488578854995,0.9081943455168052,0.8448117961519664,<scipy.interpolate._cubic.PchipInterpolator object at 0x000001DD2AB289F0>,True,SUCCESS,587.9891984117992,404.63639294971694,183.3528054620823,9.908790530050023,477134.3171674861,59947.89854567094,127.77135572396537,3521.3839815777405
-10.79428429220942,10006.418554928545,16131.763311455372,1.1246934474946584,1.049734461050234,<scipy.interpolate._cubic.PchipInterpolator object at 0x000001DD2AB28910>,True,SUCCESS,509.45194646500124,340.3484407322829,170.42921170520802,12.05423195964028,500000.16305691114,59644.94000152054,140.27390199960792,3519.09137830195
-10.685358560721106,9939.256975242752,16155.335139563176,0.9276243975794582,0.9600691979538728,<scipy.interpolate._cubic.PchipInterpolator object at 0x000001DD2AB28AD0>,False,STEP2_EXITED_ATMOSPHERE,,,,,,,,
-10.73625595915725,9968.319160684405,15964.501834823726,1.1618885392758083,1.2668099470508312,<scipy.interpolate._cubic.PchipInterpolator object at 0x000001DD2AB28C20>,False,STEP2_EXITED_ATMOSPHERE,,,,,,,,
-11.627273920777736,9997.474355021579,16271.3208731971,0.7790276515628536,1.0052424040281709,<scipy.interpolate._cubic.PchipInterpolator object at 0x000001DD2AB28C90>,False,STEP2_EXITED_ATMOSPHERE,,,,,,,,
-10.687612008928873,9994.585174194735,16187.055168497063,1.0316819889451652,1.202213872273133,<scipy.interpolate._cubic.PchipInterpolator object at 0x000001DD2AB28BB0>,False,STEP2_EXITED_ATMOSPHERE,,,,,,,,
-10.948724750509513,9986.41058594663,15827.719845371992,1.0478752019943685,0.9175720756061838,<scipy.interpolate._cubic.PchipInterpolator object at 0x000001DD2AB28EC0>,False,STEP1_NO_BANK,,,,,,,,
-11.530720326605561,9998.52671127189,15695.706771799256,1.0003434259441615,0.9251803141317295,<scipy.interpolate._cubic.PchipInterpolator object at 0x000001DD2AB28F30>,False,STEP2_EXITED_ATMOSPHERE,,,,,,,,
-11.330672839205874,10012.230398477483,15903.239914335607,1.082065389026456,1.03917767271337,<scipy.interpolate._cubic.PchipInterpolator object at 0x000001DD2AB29080>,False,STEP2_EXITED_ATMOSPHERE,,,,,,,,
-10.557760782101866,10009.703854016268,16408.433790734092,1.0174420537492106,0.9007692741869547,<scipy.interpolate._cubic.PchipInterpolator object at 0x000001DD2AB29160>,False,STEP2_EXITED_ATMOSPHERE,,,,,,,,
-10.080852728544496,10054.25257043187,15952.401963619608,1.2015749903467348,0.8398484713312035,<scipy.interpolate._cubic.PchipInterpolator object at 0x000001DD2AB28DE0>,False,STEP1_NO_BANK,,,,,,,,
-10.289950173839845,9998.227594229802,16155.852346184109,0.8467723830206471,1.1694956862987107,<scipy.interpolate._cubic.PchipInterpolator object at 0x000001DD2AB292B0>,False,STEP1_NO_BANK,,,,,,,,
-10.87843850014171,9911.026641195967,15855.186514745468,1.2108793037200716,0.9027117068608831,<scipy.interpolate._cubic.PchipInterpolator object at 0x000001DD2AB29400>,False,STEP2_EXITED_ATMOSPHERE,,,,,,,,
-10.610036575220438,10018.110367226494,15852.725478800026,0.6955391054803838,1.0967711195369976,<scipy.interpolate._cubic.PchipInterpolator object at 0x000001DD2AB29470>,False,STEP2_EXITED_ATMOSPHERE,,,,,,,,
-10.875374149547323,10044.00676653161,15865.374765081797,1.0481716872253315,0.8189453176488268,<scipy.interpolate._cubic.PchipInterpolator object at 0x000001DD2AB295C0>,False,STEP2_EXITED_ATMOSPHERE,,,,,,,,
-10.958729943376454,9969.944807625014,16471.571725101654,0.8380876193755036,0.968403640097473,<scipy.interpolate._cubic.PchipInterpolator object at 0x000001DD2AB294E0>,False,STEP2_EXITED_ATMOSPHERE,,,,,,,,
-10.568864525365607,9992.951795814897,16154.89264613354,0.984662164148645,1.0869423164007759,<scipy.interpolate._cubic.PchipInterpolator object at 0x000001DD2AB296A0>,False,APOAPSIS_OUT_OF_RANGE,,,,,,,,
-11.272978742375054,10014.923633358674,15695.969500050958,1.124466095498086,1.1436544585012636,<scipy.interpolate._cubic.PchipInterpolator object at 0x000001DD2AB29860>,False,APOAPSIS_OUT_OF_RANGE,,,,,,,,
-10.678217794608411,9947.61430954906,15874.687540229235,0.9778032654373318,0.831980252822528,<scipy.interpolate._cubic.PchipInterpolator object at 0x000001DD2AB299B0>,True,SUCCESS,535.0618422135393,364.2652983012306,171.8501381065348,9.863724521557087,468367.285511903,59688.83926531511,130.69592294633094,3514.6489061852153
-11.089612331271669,10025.650630143931,16313.106300265887,1.0249900868350104,1.044990502345899,<scipy.interpolate._cubic.PchipInterpolator object at 0x000001DD2AB29780>,True,SUCCESS,,,,10.085778032333716,500000.10335479095,59930.89377872968,126.57007757839165,3531.899954215644
-11.271769896290586,9983.154134478615,16049.307684999578,0.9094688546058743,1.206009260596117,<scipy.interpolate._cubic.PchipInterpolator object at 0x000001DD2AB29B70>,False,STEP2_EXITED_ATMOSPHERE,,,,,,,,
-10.990550485950353,9965.13425269133,15883.13093490715,0.9134534112459136,1.000123651322432,<scipy.interpolate._cubic.PchipInterpolator object at 0x000001DD2AB29C50>,False,STEP2_EXITED_ATMOSPHERE,,,,,,,,
-10.306961600981092,10055.469753127703,16040.837137530509,1.0298914956112397,0.9473250012090749,<scipy.interpolate._cubic.PchipInterpolator object at 0x000001DD2AB29B00>,False,STEP1_NO_BANK,,,,,,,,
-10.604620073713415,10043.798086102594,16047.465257471156,1.1290483783856882,0.9726823699750832,<scipy.interpolate._cubic.PchipInterpolator object at 0x000001DD2AB29D30>,True,SUCCESS,494.3961948076456,329.85472164730635,165.84888515412356,11.398974106624454,490243.37830203417,59851.019373929725,145.4400929202743,3510.6059590250816
-10.781476320765398,9997.812775513881,16022.808884830834,0.9317125708965537,0.9597604817637881,<scipy.interpolate._cubic.PchipInterpolator object at 0x000001DD2AB29E80>,False,STEP1_NO_BANK,,,,,,,,
-10.756303001807298,10053.562344490823,15791.94718535287,0.9699883392137103,1.066254844894991,<scipy.interpolate._cubic.PchipInterpolator object at 0x000001DD2AB29FD0>,False,STEP2_EXITED_ATMOSPHERE,,,,,,,,
-10.937270170573472,10017.038766216614,15794.62370552579,0.9162984159182197,0.9709139120703492,<scipy.interpolate._cubic.PchipInterpolator object at 0x000001DD2AB2A040>,False,STEP2_EXITED_ATMOSPHERE,,,,,,,,
-10.32671298774798,10050.686915404689,16028.793139770925,1.0930559931272321,1.0362385468917275,<scipy.interpolate._cubic.PchipInterpolator object at 0x000001DD2AB29BE0>,False,STEP1_NO_BANK,,,,,,,,
-10.022774311647424,10006.724336850011,15608.951720918389,1.0382617001907488,0.8518919190296851,<scipy.interpolate._cubic.PchipInterpolator object at 0x000001DD2AB2A200>,False,STEP1_NO_BANK,,,,,,,,
-10.846002858464317,9967.658026375937,16189.429729734014,1.0595778583618518,0.9649009425099189,<scipy.interpolate._cubic.PchipInterpolator object at 0x000001DD2AB2A2E0>,True,SUCCESS,531.6915716054317,356.9649674459875,175.10118180997853,10.99729213274979,496149.34954547556,59655.87979421471,139.89758839684464,3518.4442082593046
-10.653594740753006,9940.863333070984,16271.969685406413,1.1150713221125506,0.7404730781717241,<scipy.interpolate._cubic.PchipInterpolator object at 0x000001DD2AB2A4A0>,False,STEP1_NO_BANK,,,,,,,,
-10.559419862885466,9986.09601956384,16073.58632819174,0.911811226869344,0.9590552028293103,<scipy.interpolate._cubic.PchipInterpolator object at 0x000001DD2AB2A350>,False,STEP1_NO_BANK,,,,,,,,
-10.643797688044838,10017.4257839527,15837.498785230657,0.8310450296683705,0.9435195366894834,<scipy.interpolate._cubic.PchipInterpolator object at 0x000001DD2AB2A580>,False,APOAPSIS_OUT_OF_RANGE,,,,,,,,
-10.908452164771994,10036.588720356,15953.886605940479,0.9636730023022488,1.1285231745773083,<scipy.interpolate._cubic.PchipInterpolator object at 0x000001DD2AB2A740>,False,APOAPSIS_OUT_OF_RANGE,,,,,,,,
-10.61590259298244,9978.365308747458,15868.945713307108,0.908015308121132,1.1011055078384062,<scipy.interpolate._cubic.PchipInterpolator object at 0x000001DD2AB2A660>,False,STEP3_NO_VALID_BANK,,,,,,,,
-10.468838528001166,10005.307288455046,16251.433880074504,0.7150006145831365,0.989048432618732,<scipy.interpolate._cubic.PchipInterpolator object at 0x000001DD2AB2A7B0>,False,STEP1_NO_BANK,,,,,,,,
-10.290452336014019,10022.360548498431,16182.44538460239,0.9659544236818467,0.9107060312345479,<scipy.interpolate._cubic.PchipInterpolator object at 0x000001DD2AB2A900>,False,STEP1_NO_BANK,,,,,,,,
-10.830264844082022,10014.230337039193,16098.91411117056,0.9083857892661269,1.026673852701393,<scipy.interpolate._cubic.PchipInterpolator object at 0x000001DD2AB2A9E0>,False,STEP2_EXITED_ATMOSPHERE,,,,,,,,
-10.366682479815134,9975.567145495286,15771.481286469452,0.8523984069850371,1.0141805017095085,<scipy.interpolate._cubic.PchipInterpolator object at 0x000001DD2AB2ABA0>,False,STEP1_NO_BANK,,,,,,,,
-10.967272872707381,10048.308285175559,16063.011747005981,1.0082186338307983,1.097937184711016,<scipy.interpolate._cubic.PchipInterpolator object at 0x000001DD2AB2AB30>,True,SUCCESS,,,,10.066935434177966,500000.46915779385,59754.15847833108,123.0883935511979,3534.910745196869
-10.618834352414376,9960.269573397964,15941.295233646493,0.8956445151133452,0.9185532131134259,<scipy.interpolate._cubic.PchipInterpolator object at 0x000001DD2AB2AC80>,False,STEP1_NO_BANK,,,,,,,,
-10.885418247444715,10000.559411022126,15848.603046237798,1.121954923406674,0.9048941296328724,<scipy.interpolate._cubic.PchipInterpolator object at 0x000001DD2AB2AD60>,True,SUCCESS,,,,9.064735676578804,500000.0970911651,59597.609557861695,117.21284961282026,3540.3632444475215
-10.447535793838584,10007.156555470088,15943.711395073533,0.873868988287757,0.9101943355418861,<scipy.interpolate._cubic.PchipInterpolator object at 0x000001DD2AB2AF20>,False,STEP1_NO_BANK,,,,,,,,
-11.390176907703788,10040.379840509286,16128.615010063679,1.0448741132678585,1.0321183773976152,<scipy.interpolate._cubic.PchipInterpolator object at 0x000001DD2AB2ADD0>,False,STEP2_EXITED_ATMOSPHERE,,,,,,,,
-10.595130854888163,10005.045381509352,15652.897420393689,0.8043818817714884,1.106301933907992,<scipy.interpolate._cubic.PchipInterpolator object at 0x000001DD2AB2B000>,False,APOAPSIS_OUT_OF_RANGE,,,,,,,,
-10.723382578687984,10018.738928546865,16024.264979358637,1.1942874240939236,0.8607709493203846,<scipy.interpolate._cubic.PchipInterpolator object at 0x000001DD2AB2B0E0>,False,STEP2_EXITED_ATMOSPHERE,,,,,,,,
-10.589371208721074,10013.61996028588,16466.998517036795,0.7970436575565093,1.032945307746279,<scipy.interpolate._cubic.PchipInterpolator object at 0x000001DD2AB2B1C0>,False,STEP1_NO_BANK,,,,,,,,
-10.945114782261125,9994.450449686883,15667.719920199377,1.025474607619424,1.0752897909912746,<scipy.interpolate._cubic.PchipInterpolator object at 0x000001DD2AB2B2A0>,False,STEP2_EXITED_ATMOSPHERE,,,,,,,,
-10.047208079302164,10027.30320183292,16116.418053585854,1.163631828113439,1.145108436711793,<scipy.interpolate._cubic.PchipInterpolator object at 0x000001DD2AB2B380>,False,STEP1_NO_BANK,,,,,,,,
-10.449753801782235,9925.49489023291,16127.079062272584,1.1874926378438002,1.0225781185937322,<scipy.interpolate._cubic.PchipInterpolator object at 0x000001DD2AB2B3F0>,False,STEP1_NO_BANK,,,,,,,,
-11.267362023884141,9939.641141764027,15900.813979943601,1.1209379216475681,1.035235460884375,<scipy.interpolate._cubic.PchipInterpolator object at 0x000001DD2AB2B540>,False,STEP2_EXITED_ATMOSPHERE,,,,,,,,
-10.894727785620944,9993.719345086321,16434.141577096554,0.942533707261885,1.0951484949112964,<scipy.interpolate._cubic.PchipInterpolator object at 0x000001DD2AB2B700>,False,APOAPSIS_OUT_OF_RANGE,,,,,,,,
-10.393997198982097,10024.149941415288,16139.236447630672,1.0815626839586807,1.0252479004294228,<scipy.interpolate._cubic.PchipInterpolator object at 0x000001DD2AB2B690>,False,STEP1_NO_BANK,,,,,,,,
-10.72513950479381,9924.110935344017,15997.160116579947,1.1578793918868215,1.0516066041511596,<scipy.interpolate._cubic.PchipInterpolator object at 0x000001DD2AB2B850>,True,SUCCESS,373.28407154751,229.2798722852506,144.7977552805142,8.904853579204119,500000.06427220977,59638.93442703168,119.45277495652408,3538.25142979333
-11.059132615539333,10041.216328584022,15895.001052356616,1.1925108142292116,1.0733230868771324,<scipy.interpolate._cubic.PchipInterpolator object at 0x000001DD2AB2B9A0>,True,SUCCESS,415.70405967046344,262.52180705977514,153.43424962954225,10.19775007977621,500000.9690678417,59959.845479672615,134.06996656470164,3525.3172007887106
-10.931378788444777,10000.48126654873,15566.831889266832,0.9873062036729643,0.9351367882336824,<scipy.interpolate._cubic.PchipInterpolator object at 0x000001DD2AB2B5B0>,False,STEP2_EXITED_ATMOSPHERE,,,,,,,,
-11.260690516749476,10022.547882804532,15827.336436670836,1.1569682849510539,0.8939490561998306,<scipy.interpolate._cubic.PchipInterpolator object at 0x000001DD2AB2BAF0>,False,STEP2_EXITED_ATMOSPHERE,,,,,,,,
-10.80530693331115,10014.133105701183,15847.349733086889,1.0068297345506674,1.106544897145707,<scipy.interpolate._cubic.PchipInterpolator object at 0x000001DD2AB2B8C0>,False,APOAPSIS_OUT_OF_RANGE,,,,,,,,
-10.261664679827243,10026.147307316693,15864.082612250959,0.8778307652508556,1.002215032931979,<scipy.interpolate._cubic.PchipInterpolator object at 0x000001DD2AB2BC40>,False,STEP1_NO_BANK,,,,,,,,
-10.719496482951504,10020.961019888327,16262.77310062035,0.7839878395261723,0.8209641213905199,<scipy.interpolate._cubic.PchipInterpolator object at 0x000001DD2AB2BD20>,False,STEP2_EXITED_ATMOSPHERE,,,,,,,,
-11.19862172390761,10045.914904986792,16236.793206432907,0.8191863963554067,0.9896992153139037,<scipy.interpolate._cubic.PchipInterpolator object at 0x000001DD2AB2BE00>,False,STEP2_EXITED_ATMOSPHERE,,,,,,,,
-10.52878025501432,10041.174590558741,15773.21772855142,1.0731495630493137,0.8745436844642334,<scipy.interpolate._cubic.PchipInterpolator object at 0x000001DD2AB2BEE0>,False,APOAPSIS_OUT_OF_RANGE,,,,,,,,
-10.87387763034811,10016.093652114772,15883.507435230194,0.9679888464445139,0.9208974524511326,<scipy.interpolate._cubic.PchipInterpolator object at 0x000001DD2AB2BF50>,True,SUCCESS,517.2169520681371,347.44413823122136,169.8806291074533,10.098965142642196,464553.9302547536,59619.684018820735,130.95833048810982,3512.85679191463
-11.1925655061444,9979.510350056686,16086.583665074853,1.1031595856600234,0.7912127678435763,<scipy.interpolate._cubic.PchipInterpolator object at 0x000001DD2AC700C0>,False,STEP2_EXITED_ATMOSPHERE,,,,,,,,
-11.200698548899647,10025.58514025254,15809.639565882771,0.9812005961416866,1.0989552210924054,<scipy.interpolate._cubic.PchipInterpolator object at 0x000001DD2AC70280>,False,STEP2_EXITED_ATMOSPHERE,,,,,,,,
-10.379531573403025,10014.138433599188,16068.737429559786,1.1515092089180827,0.9703384581770009,<scipy.interpolate._cubic.PchipInterpolator object at 0x000001DD2AC70050>,False,STEP1_TOO_MANY_ITERATIONS,,,,,,,,
-10.69430214831951,10019.771940895373,16027.774676521105,0.9904648665727507,0.9416549449788384,<scipy.interpolate._cubic.PchipInterpolator object at 0x000001DD2AC701A0>,True,SUCCESS,484.4520204648227,320.170751836356,164.94114310049068,9.816571584322833,475833.8672374421,59628.32371882558,133.98191257280314,3514.6170072618424
-10.563666181461583,9924.219128065779,16339.253366190727,1.0495796016034946,1.0521133700756222,<scipy.interpolate._cubic.PchipInterpolator object at 0x000001DD2AC704B0>,True,SUCCESS,,,,8.298949306182266,500000.02045682585,59749.42941927496,129.3814371495214,3529.0322996065524
-10.568775050611018,9953.228100457209,15983.12488161796,1.0086201283370557,0.9236709296881039,<scipy.interpolate._cubic.PchipInterpolator object at 0x000001DD2AC70520>,True,SUCCESS,,,,7.703455051150907,500000.0986930679,60020.80993338136,125.9993434472517,3532.225152977092
-10.32079536926138,10020.25896140762,15988.472771261977,0.8781638452874667,1.0707969832936102,<scipy.interpolate._cubic.PchipInterpolator object at 0x000001DD2AC70600>,False,STEP1_NO_BANK,,,,,,,,
-10.430867035531515,10068.31100284477,15973.292135397762,1.1231765547560935,0.963373842162914,<scipy.interpolate._cubic.PchipInterpolator object at 0x000001DD2AC707C0>,False,STEP1_NO_BANK,,,,,,,,
-10.740996813793286,9972.069756214983,16272.474328166078,0.9343360635021201,0.8405541048735418,<scipy.interpolate._cubic.PchipInterpolator object at 0x000001DD2AC70830>,False,STEP2_EXITED_ATMOSPHERE,,,,,,,,
-11.276898730517946,10016.753337724032,16064.059098659269,1.0535088474049652,1.0284864807886593,<scipy.interpolate._cubic.PchipInterpolator object at 0x000001DD2AC708A0>,True,SUCCESS,,,,12.709248859853878,477552.9255397177,59988.40850754393,138.24110404195972,3511.964308849376
-10.679551102434479,10029.201589837226,16038.841695640633,1.1319800106165738,0.9992046457441401,<scipy.interpolate._cubic.PchipInterpolator object at 0x000001DD2AC709F0>,False,STEP1_NO_BANK,,,,,,,,
-10.375309807586772,9968.572145852238,16059.421133881327,1.02764711829678,1.0009595096595536,<scipy.interpolate._cubic.PchipInterpolator object at 0x000001DD2AC70AD0>,False,STEP1_NO_BANK,,,,,,,,
-10.815346803533407,10034.169994709542,15789.593473577368,1.0172670331622176,0.9738241750849842,<scipy.interpolate._cubic.PchipInterpolator object at 0x000001DD2AC70BB0>,False,APOAPSIS_OUT_OF_RANGE,,,,,,,,
-10.700797210664707,9987.932019601787,15947.508020677751,0.9426175903184304,1.2042286035396257,<scipy.interpolate._cubic.PchipInterpolator object at 0x000001DD2AC70C20>,False,APOAPSIS_OUT_OF_RANGE,,,,,,,,
-10.712438340476787,10027.510338560267,15801.36656406715,1.1075050607483732,0.9996173522313909,<scipy.interpolate._cubic.PchipInterpolator object at 0x000001DD2AC70D70>,False,STEP2_EXITED_ATMOSPHERE,,,,,,,,
-11.105579169683143,9988.372164412953,15864.09952267529,1.0450966713499033,1.0820101980380812,<scipy.interpolate._cubic.PchipInterpolator object at 0x000001DD2AC70E50>,False,STEP2_EXITED_ATMOSPHERE,,,,,,,,
-10.77075928874486,10064.053952564482,16033.783629797357,1.1163920038133854,1.050922845986489,<scipy.interpolate._cubic.PchipInterpolator object at 0x000001DD2AC70EC0>,False,STEP2_EXITED_ATMOSPHERE,,,,,,,,
-10.419231572412972,9917.055601392398,16193.798388009025,1.0062826116214179,1.1462124112744896,<scipy.interpolate._cubic.PchipInterpolator object at 0x000001DD2AC71010>,False,STEP1_NO_BANK,,,,,,,,
-9.909743861563536,9993.730282827995,15917.093805612427,1.0867148678868104,1.2018651649353895,<scipy.interpolate._cubic.PchipInterpolator object at 0x000001DD2AC71080>,False,STEP1_NO_BANK,,,,,,,,
-11.015702711209359,9980.274977078383,16056.998281962344,0.9121690388765438,1.0301529259732174,<scipy.interpolate._cubic.PchipInterpolator object at 0x000001DD2AC711D0>,False,APOAPSIS_OUT_OF_RANGE,,,,,,,,
-10.443497045796377,9985.177294285766,15802.06151002372,1.025151182762825,0.9534288761475472,<scipy.interpolate._cubic.PchipInterpolator object at 0x000001DD2AC71390>,False,STEP1_NO_BANK,,,,,,,,
-10.572151176039734,10022.200564908153,16330.187264694221,1.1759764833349675,0.9697374946984125,<scipy.interpolate._cubic.PchipInterpolator object at 0x000001DD2AC71320>,True,SUCCESS,,,,9.639640810349784,500000.0002648566,60024.41938772224,133.1575664819875,3525.68048426971
-10.04523774002554,9979.417644398502,16029.451389679478,0.9238235291566179,1.0748920351080915,<scipy.interpolate._cubic.PchipInterpolator object at 0x000001DD2AC71470>,False,STEP1_NO_BANK,,,,,,,,
-10.574797028673732,9988.729760083901,16035.344231631627,0.9281794514337339,0.8714262000636714,<scipy.interpolate._cubic.PchipInterpolator object at 0x000001DD2AC71400>,False,STEP1_NO_BANK,,,,,,,,
-11.050528265817045,9961.454739471461,16224.749927612535,1.1899887799340498,1.0301801392585888,<scipy.interpolate._cubic.PchipInterpolator object at 0x000001DD2AC71630>,True,SUCCESS,410.64247240170675,255.99995343692612,154.64251896478063,9.295389282493032,499999.89592228085,59919.12584807223,144.6466106955222,3515.4301510783207
-10.359870163550868,9978.421857820185,15885.685427110348,1.044566611296645,0.8390399711742689,<scipy.interpolate._cubic.PchipInterpolator object at 0x000001DD2AC716A0>,False,STEP1_NO_BANK,,,,,,,,
-11.430569493074753,10048.928706752278,15864.074068966145,1.1804397387755752,1.2854846707846888,<scipy.interpolate._cubic.PchipInterpolator object at 0x000001DD2AC71860>,False,STEP2_EXITED_ATMOSPHERE,,,,,,,,
-10.675294561992912,10011.544582595068,16426.962285039885,1.1335151948461153,1.006875180564454,<scipy.interpolate._cubic.PchipInterpolator object at 0x000001DD2AC719B0>,True,SUCCESS,395.96839287992566,243.6962378032533,153.43711228888898,8.499254477094519,499999.35565985355,59680.45955578272,121.15486811780056,3536.779325372261
-10.540432048100445,9982.73841012105,15883.4741688635,1.1186601731086887,1.0303325586741647,<scipy.interpolate._cubic.PchipInterpolator object at 0x000001DD2A8E7460>,True,SUCCESS,372.67988924751364,231.08013613375428,142.09656971969363,9.052355774819684,497977.1505078351,59642.66518000966,149.86301502472497,3509.62600004087
-9.965719648432348,10057.505212082988,15836.548155299375,1.0220755890075712,1.1037504679180938,<scipy.interpolate._cubic.PchipInterpolator object at 0x000001DD2AC71A20>,False,STEP1_NO_BANK,,,,,,,,
-10.20142349607137,10008.50676487544,15545.295093492094,0.9128857543969913,1.0255481584071426,<scipy.interpolate._cubic.PchipInterpolator object at 0x000001DD2AC71940>,False,STEP1_NO_BANK,,,,,,,,
-10.613643671691232,10058.407337215012,16309.971006172198,1.0435936751339385,0.8534735034476197,<scipy.interpolate._cubic.PchipInterpolator object at 0x000001DD2AC71C50>,False,STEP1_NO_BANK,,,,,,,,
-10.605958062874118,9984.613816001063,16044.345072702426,1.0396143894613399,0.9688798761764525,<scipy.interpolate._cubic.PchipInterpolator object at 0x000001DD2AC71CC0>,False,APOAPSIS_OUT_OF_RANGE,,,,,,,,
-10.490493657584434,10027.687094296161,15679.846112405909,0.941579333727859,1.125798518667067,<scipy.interpolate._cubic.PchipInterpolator object at 0x000001DD2AC71DA0>,False,STEP3_NO_VALID_BANK,,,,,,,,
-10.81972367807284,9973.080964291905,15974.372377324375,1.041762531254185,0.9939027640581496,<scipy.interpolate._cubic.PchipInterpolator object at 0x000001DD2AC71E10>,False,STEP1_NO_BANK,,,,,,,,
-11.29728786000413,9994.657627293662,16040.699098269379,0.871716139114423,0.9195491102615482,<scipy.interpolate._cubic.PchipInterpolator object at 0x000001DD2AC72040>,False,STEP1_NO_BANK,,,,,,,,
-10.658791796728712,10020.083135741279,16498.270804196254,0.7711702554769182,1.1316081169397028,<scipy.interpolate._cubic.PchipInterpolator object at 0x000001DD2AC72200>,False,STEP2_EXITED_ATMOSPHERE,,,,,,,,
-10.985517832030599,9975.599346365076,15827.43063476698,0.9819235492505486,0.7000776995555746,<scipy.interpolate._cubic.PchipInterpolator object at 0x000001DD2AC72270>,False,STEP2_EXITED_ATMOSPHERE,,,,,,,,
-11.005040674694461,9965.216064244336,16222.984702903299,0.9535257381382624,0.9348644713410005,<scipy.interpolate._cubic.PchipInterpolator object at 0x000001DD2AC71EF0>,False,STEP2_EXITED_ATMOSPHERE,,,,,,,,
-10.12799795804904,10013.453791217486,16047.200647882491,0.9737750510417613,0.9105424000550674,<scipy.interpolate._cubic.PchipInterpolator object at 0x000001DD2AC72120>,False,STEP1_NO_BANK,,,,,,,,
-10.835769119832047,10029.192535954975,15615.201650748397,1.0756520757448107,1.06506235324468,<scipy.interpolate._cubic.PchipInterpolator object at 0x000001DD2AC723C0>,False,APOAPSIS_OUT_OF_RANGE,,,,,,,,
-10.738230532037118,9978.126073975334,16151.122998010287,0.8852700882284184,0.8592351451756393,<scipy.interpolate._cubic.PchipInterpolator object at 0x000001DD2AC725F0>,False,STEP2_EXITED_ATMOSPHERE,,,,,,,,
-11.060130015470717,10051.390206253694,16018.137801115708,0.9674019851179695,1.1630063476865173,<scipy.interpolate._cubic.PchipInterpolator object at 0x000001DD2AC72660>,True,SUCCESS,,,,113.02907631451386,500000.0006122215,-3323299.35706138,2245.593146980144,1850.7808373314854
-11.035970197038068,10016.78235638663,16271.843115330897,1.0134275479485368,1.1094609193003975,<scipy.interpolate._cubic.PchipInterpolator object at 0x000001DD2AC72350>,False,APOAPSIS_OUT_OF_RANGE,,,,,,,,
-10.725481215205814,10011.748973634736,16050.226350159553,1.1437226712659394,0.866966376471529,<scipy.interpolate._cubic.PchipInterpolator object at 0x000001DD2AC72740>,True,SUCCESS,,,,11.753178254161707,500000.1722507019,59500.76198218895,140.40180403507202,3519.1486882189124
-10.125229260820507,9997.17048532353,15676.638968486635,0.9725615563002087,0.9722996546596192,<scipy.interpolate._cubic.PchipInterpolator object at 0x000001DD2AC72900>,False,STEP1_NO_BANK,,,,,,,,
-10.474948502294714,9972.234553256685,15747.390311499037,1.0950684638082087,1.0149641384808912,<scipy.interpolate._cubic.PchipInterpolator object at 0x000001DD2AC72890>,True,SUCCESS,395.72241304537386,250.4435365892452,145.9552283585153,9.645798496369844,457042.38264028454,60026.23310043317,142.4772978101605,3499.538063275478
-10.936352382340695,9966.728318164158,16306.182268832641,0.9179548128514488,1.0690404827697593,<scipy.interpolate._cubic.PchipInterpolator object at 0x000001DD2AC72B30>,False,STEP3_TOO_MANY_ITERATIONS,,,,,,,,
-10.644383944760445,10030.745857156491,15952.009750249143,0.9723013231366012,1.0106646513860276,<scipy.interpolate._cubic.PchipInterpolator object at 0x000001DD2AC72C10>,True,SUCCESS,,,,9.186208264734697,481067.0756239301,59747.894303938396,132.74828408456824,3518.496096848691
-10.854795995096055,10010.86895659883,15857.501177314838,0.8945761043721274,1.044218182692463,<scipy.interpolate._cubic.PchipInterpolator object at 0x000001DD2AC72A50>,False,APOAPSIS_OUT_OF_RANGE,,,,,,,,
-10.497112451369913,10010.40469781167,15815.98405420531,1.0463291333504297,1.121221701335566,<scipy.interpolate._cubic.PchipInterpolator object at 0x000001DD2AC72CF0>,False,APOAPSIS_OUT_OF_RANGE,,,,,,,,
-11.050787430583318,10008.421155117105,16275.065257282755,1.0256468369746568,1.0100842513708752,<scipy.interpolate._cubic.PchipInterpolator object at 0x000001DD2AC72D60>,True,SUCCESS,,,,11.676906205644055,460916.2020932752,59854.81291205945,135.19028543413742,3507.5184743796244
-10.683726542620859,10006.32309321805,16127.702672566806,0.8078680639307099,0.9685035923089593,<scipy.interpolate._cubic.PchipInterpolator object at 0x000001DD2AC72DD0>,False,APOAPSIS_OUT_OF_RANGE,,,,,,,,
-11.000263125277291,10012.966930814076,16168.482618118343,0.9749763418332903,0.9932238820492646,<scipy.interpolate._cubic.PchipInterpolator object at 0x000001DD2AC72F90>,False,APOAPSIS_OUT_OF_RANGE,,,,,,,,
-10.909696718675129,9993.695281386712,15914.601440615705,0.9188715891205812,0.9642279068606459,<scipy.interpolate._cubic.PchipInterpolator object at 0x000001DD2AC72F20>,False,APOAPSIS_OUT_OF_RANGE,,,,,,,,
-10.772392073767433,10017.96764552495,16127.873511206804,1.0903956285603413,0.8680134532183621,<scipy.interpolate._cubic.PchipInterpolator object at 0x000001DD2AC73150>,True,SUCCESS,540.9806531652026,365.76327035711387,176.07130632728808,10.332791330051634,499999.98757343454,59604.767649749614,138.223550359588,3520.9747555308045
-10.243968709076771,9959.32202316104,16111.764475232658,1.123696321780793,0.9787075094854495,<scipy.interpolate._cubic.PchipInterpolator object at 0x000001DD2AC732A0>,False,STEP1_NO_BANK,,,,,,,,
-10.273690274758499,10011.11734012683,15821.411098940134,1.087201859808813,1.072187976865801,<scipy.interpolate._cubic.PchipInterpolator object at 0x000001DD2AC73310>,False,STEP1_NO_BANK,,,,,,,,
-10.7069076279163,9980.005755289814,16005.388945338025,0.921126571049471,0.8727785658960184,<scipy.interpolate._cubic.PchipInterpolator object at 0x000001DD2AC733F0>,False,APOAPSIS_OUT_OF_RANGE,,,,,,,,
-10.91351304003403,9956.836789698862,15739.90358926995,0.8539952969309688,0.9997437146415946,<scipy.interpolate._cubic.PchipInterpolator object at 0x000001DD2AC735B0>,False,APOAPSIS_OUT_OF_RANGE,,,,,,,,
-10.489692396308454,10023.775702608405,16085.08911025695,0.8573599355127586,0.9498175996439966,<scipy.interpolate._cubic.PchipInterpolator object at 0x000001DD2AC73540>,False,APOAPSIS_OUT_OF_RANGE,,,,,,,,
-10.860632476191284,10000.122215554402,16134.510503922134,0.857868301227125,0.9096205523146983,<scipy.interpolate._cubic.PchipInterpolator object at 0x000001DD2AC73620>,False,STEP2_EXITED_ATMOSPHERE,,,,,,,,
-11.526186627230388,9976.22346077249,16278.945116881465,1.0725892271360125,1.0318385546676663,<scipy.interpolate._cubic.PchipInterpolator object at 0x000001DD2AC737E0>,False,APOAPSIS_OUT_OF_RANGE,,,,,,,,
-10.950622392564254,10045.784594001661,16173.43900762001,0.9884048903975058,0.9691084876413394,<scipy.interpolate._cubic.PchipInterpolator object at 0x000001DD2AC73460>,False,STEP2_EXITED_ATMOSPHERE,,,,,,,,
-10.350317877139974,10004.364512561493,16051.589665632762,1.1600787039252791,1.0235196301751912,<scipy.interpolate._cubic.PchipInterpolator object at 0x000001DD2AC73700>,False,STEP1_NO_BANK,,,,,,,,
-10.72085493932779,10009.200806667319,15959.523530070395,1.1160055965938076,1.0239274167850168,<scipy.interpolate._cubic.PchipInterpolator object at 0x000001DD2AC73A10>,True,SUCCESS,,,,11.894433296244376,485096.9762368993,59562.94463019568,143.51926959745106,3510.433788934643
-10.77407228043931,10011.518288870935,16070.895738495441,1.0388500502812517,1.084190726585121,<scipy.interpolate._cubic.PchipInterpolator object at 0x000001DD2AC73BD0>,False,STEP2_EXITED_ATMOSPHERE,,,,,,,,
-11.181603843840058,9982.702021273102,15923.064254411882,1.0488196711706468,1.0126669615256123,<scipy.interpolate._cubic.PchipInterpolator object at 0x000001DD2AC73C40>,False,STEP2_EXITED_ATMOSPHERE,,,,,,,,
-10.335139283791932,10032.000300378762,15806.025551621455,0.8977807896681649,0.8595598671174172,<scipy.interpolate._cubic.PchipInterpolator object at 0x000001DD2AC73CB0>,False,STEP1_NO_BANK,,,,,,,,
-11.012476057831051,10025.765919186953,16332.996788915114,1.033734232346901,1.0838314382300984,<scipy.interpolate._cubic.PchipInterpolator object at 0x000001DD2AC73D90>,True,SUCCESS,,,,10.094289376378628,499999.9863112009,59911.173688316056,123.93115328415979,3534.4149123354923
-10.807117887769094,9996.405720570272,15801.19953675193,1.0470829401088073,1.0523241809804011,<scipy.interpolate._cubic.PchipInterpolator object at 0x000001DD2AC73F50>,False,STEP2_EXITED_ATMOSPHERE,,,,,,,,
-10.84362495349364,9996.440771739924,15479.915489235613,0.9482835982504487,1.1165634815806769,<scipy.interpolate._cubic.PchipInterpolator object at 0x000001DD2AC73EE0>,True,SUCCESS,347.5254803633077,211.7913561598239,135.779389034256,8.382240432938278,499999.96740319586,59749.60275950634,129.49060754247967,3529.007699199448
-11.034907196534444,10018.40545895377,15965.19836175267,0.9582546040578198,0.8167034877947729,<scipy.interpolate._cubic.PchipInterpolator object at 0x000001DD2AC34050>,False,STEP2_EXITED_ATMOSPHERE,,,,,,,,
-10.394813960731677,9982.04088171454,16211.944696600753,1.0853115473251502,0.9987377180114432,<scipy.interpolate._cubic.PchipInterpolator object at 0x000001DD2AC340C0>,False,STEP1_NO_BANK,,,,,,,,
-10.703654889458672,10004.199474912195,16328.399801814277,1.013090105636188,0.9802215499613616,<scipy.interpolate._cubic.PchipInterpolator object at 0x000001DD2AC34280>,True,SUCCESS,461.3968926565176,298.3453581720036,164.36727130338159,9.376982919984604,499999.54643384746,59581.1060494447,129.26658291490003,3529.448754635497
-10.47044856832214,10037.23146132441,15888.185651872076,1.0195473370355392,0.8134317431683304,<scipy.interpolate._cubic.PchipInterpolator object at 0x000001DD2AC34360>,True,SUCCESS,438.1728795417871,283.47592239433465,155.93075816112994,7.898270357966247,489824.0989160545,60021.00364062999,136.5272465102953,3518.8578770024596
-10.599686378054873,10039.894578262756,15451.109431761337,0.9942515803825225,0.9070443989658034,<scipy.interpolate._cubic.PchipInterpolator object at 0x000001DD2AC341A0>,True,SUCCESS,,,,8.674878415679922,491119.4447088644,59786.59305969531,134.379724385798,3521.215823199539
-10.54440084374442,9992.805374866955,15958.52008801566,1.1957385301961616,0.8892070876324081,<scipy.interpolate._cubic.PchipInterpolator object at 0x000001DD2AC34590>,True,SUCCESS,462.87785127368477,303.8888791556065,159.6796388751398,10.110527677168912,499999.98942957824,59700.384560964834,140.0003391984501,3519.6218417070518
-10.114387780225597,10002.50279614149,16141.048850869221,0.9843285696579119,0.9289095551431782,<scipy.interpolate._cubic.PchipInterpolator object at 0x000001DD2AC344B0>,False,STEP1_NO_BANK,,,,,,,,
-11.073704829734858,10037.572643514019,16046.809840416974,0.9346861789063781,1.020853797255192,<scipy.interpolate._cubic.PchipInterpolator object at 0x000001DD2AC34440>,False,STEP2_EXITED_ATMOSPHERE,,,,,,,,
-10.776822675336394,9910.280432464187,16030.803712194445,0.8783621318039901,1.1416550319289283,<scipy.interpolate._cubic.PchipInterpolator object at 0x000001DD2AC348A0>,False,APOAPSIS_OUT_OF_RANGE,,,,,,,,
-10.345551432943848,9936.150881899313,15884.646969267427,1.1071523546590247,1.1106236666553084,<scipy.interpolate._cubic.PchipInterpolator object at 0x000001DD2AC34830>,True,SUCCESS,307.92802909889326,179.56195413421705,129.06174597223273,7.806088388540089,499999.646547862,60023.07658950834,145.05974840705903,3514.9695989387183
-10.802882491122217,9991.436762511052,16418.684434266703,0.8914183422689608,0.8726456736465894,<scipy.interpolate._cubic.PchipInterpolator object at 0x000001DD2AC34980>,True,SUCCESS,574.4688972047668,390.3568081254827,185.85669669457485,9.659857147045466,500000.4952756085,59739.3339729839,120.77976050202142,3537.3172641244887
-10.818283029278481,9953.195005760152,15884.415084153085,0.8812427230350861,1.122405557603137,<scipy.interpolate._cubic.PchipInterpolator object at 0x000001DD2AC347C0>,False,APOAPSIS_OUT_OF_RANGE,,,,,,,,
-11.305729432800945,9966.00984481443,15994.306739520485,0.8735815309127853,0.8570306010495248,<scipy.interpolate._cubic.PchipInterpolator object at 0x000001DD2AC34BB0>,False,STEP2_EXITED_ATMOSPHERE,,,,,,,,
-11.011184182113144,10012.811860866475,16037.365835901157,1.0982571676731538,1.037911141941035,<scipy.interpolate._cubic.PchipInterpolator object at 0x000001DD2AC349F0>,True,SUCCESS,,,,9.709875862469078,500000.10346946697,59906.521987866625,128.93879759677793,3529.6557629714175
-11.09793338921606,9964.356878831366,16437.15788307544,0.9831835276922641,0.9408820345124027,<scipy.interpolate._cubic.PchipInterpolator object at 0x000001DD2AC34C20>,False,STEP2_EXITED_ATMOSPHERE,,,,,,,,
-10.98001694448975,9968.617350175798,15990.79266132211,0.9809073046877057,0.9316731536480807,<scipy.interpolate._cubic.PchipInterpolator object at 0x000001DD2AC34E50>,True,SUCCESS,479.15970118870075,313.7680667109566,165.669097062179,9.124776480547453,499999.5828601168,59853.48366712089,132.9240023034422,3525.9942562065467
-11.468481561738269,9948.374402319656,16161.642319666882,0.9373601771951509,1.165521163805223,<scipy.interpolate._cubic.PchipInterpolator object at 0x000001DD2AC34DE0>,False,STEP2_EXITED_ATMOSPHERE,,,,,,,,
-11.308345695322569,9979.302867485361,15941.505954517428,0.9283707101079753,0.9323260300039807,<scipy.interpolate._cubic.PchipInterpolator object at 0x000001DD2AC34F30>,False,STEP2_EXITED_ATMOSPHERE,,,,,,,,
-10.848618309929314,9966.810103813616,16475.32814540796,1.021351737936865,0.8866982203832495,<scipy.interpolate._cubic.PchipInterpolator object at 0x000001DD2AC34EC0>,False,STEP2_EXITED_ATMOSPHERE,,,,,,,,
-10.544637975789227,9986.903989927336,15828.206840795941,1.1017429051964382,0.8879644818339628,<scipy.interpolate._cubic.PchipInterpolator object at 0x000001DD2AC35160>,False,STEP2_EXITED_ATMOSPHERE,,,,,,,,
-10.091770751680667,10047.899985211257,16051.76161423589,1.0584905232161277,1.030552926449193,<scipy.interpolate._cubic.PchipInterpolator object at 0x000001DD2AC351D0>,False,STEP1_NO_BANK,,,,,,,,
-10.299765952636736,10038.924865974575,16111.819167034862,1.0511328261512525,1.0604639297564389,<scipy.interpolate._cubic.PchipInterpolator object at 0x000001DD2AC35320>,False,STEP1_NO_BANK,,,,,,,,
-10.518091219296966,9989.34884919984,16054.270244279569,1.0149374326926248,1.0601240535360965,<scipy.interpolate._cubic.PchipInterpolator object at 0x000001DD2AC35400>,False,STEP2_EXITED_ATMOSPHERE,,,,,,,,
-10.493780009490226,9980.76352799677,16103.904005837348,1.0505917052599054,1.0979939978977444,<scipy.interpolate._cubic.PchipInterpolator object at 0x000001DD2AC35470>,False,STEP1_NO_BANK,,,,,,,,
-10.59505649089927,10106.66167743592,16000.695285487496,0.9992464064820741,0.9441330341873504,<scipy.interpolate._cubic.PchipInterpolator object at 0x000001DD2AC35550>,False,STEP1_NO_BANK,,,,,,,,
-10.554911965708005,10008.761720958413,15897.308028616388,1.084160413294189,1.027158866222407,<scipy.interpolate._cubic.PchipInterpolator object at 0x000001DD2AC356A0>,False,STEP1_NO_BANK,,,,,,,,
-10.994592532532081,10017.068814571072,16026.223825559877,0.7567998739793014,0.968178172836842,<scipy.interpolate._cubic.PchipInterpolator object at 0x000001DD2AC35710>,False,STEP2_EXITED_ATMOSPHERE,,,,,,,,
-10.519736356930512,10008.171935036009,16205.507218084535,0.8989171178989903,0.9826876328865939,<scipy.interpolate._cubic.PchipInterpolator object at 0x000001DD2AC35940>,False,STEP1_NO_BANK,,,,,,,,
-11.026473433337454,10064.320663680732,15798.69668358824,0.9338535616393967,1.0020948114737644,<scipy.interpolate._cubic.PchipInterpolator object at 0x000001DD2AC35860>,False,STEP3_NO_VALID_BANK,,,,,,,,
-10.031322191690448,10033.401512203367,15897.978677764244,0.9874399224928164,1.06300086157235,<scipy.interpolate._cubic.PchipInterpolator object at 0x000001DD2AC35B00>,False,STEP1_NO_BANK,,,,,,,,
-10.666948691346864,10025.039841250256,16098.279731727192,1.0663401375509116,1.0158089947344178,<scipy.interpolate._cubic.PchipInterpolator object at 0x000001DD2AC357F0>,False,APOAPSIS_OUT_OF_RANGE,,,,,,,,
-9.777406711678701,10025.071036156618,16219.235049836718,1.0448912528905312,0.9203364591485627,<scipy.interpolate._cubic.PchipInterpolator object at 0x000001DD2AC35CC0>,False,STEP1_NO_BANK,,,,,,,,
-10.173955520002968,9963.940054680692,15861.699040618256,0.6942348919874265,1.039328446577728,<scipy.interpolate._cubic.PchipInterpolator object at 0x000001DD2AC35B70>,False,STEP1_NO_BANK,,,,,,,,
-10.581738307968703,9951.555335857971,16150.565851290838,0.8305203937320632,0.9544147676133459,<scipy.interpolate._cubic.PchipInterpolator object at 0x000001DD2AC35DA0>,False,STEP1_NO_BANK,,,,,,,,
-10.945083561696135,10013.821034411136,16015.759495312413,1.0571359653840413,1.099525614985787,<scipy.interpolate._cubic.PchipInterpolator object at 0x000001DD2AC35E10>,False,STEP2_EXITED_ATMOSPHERE,,,,,,,,
-10.325741156484881,9985.321198817725,16230.043563160942,1.0896374317859792,0.9634724857958287,<scipy.interpolate._cubic.PchipInterpolator object at 0x000001DD2AC35EF0>,False,STEP1_NO_BANK,,,,,,,,
-10.694933186602286,10006.368335588051,15961.858282850022,0.8520571533613855,0.9486931821311422,<scipy.interpolate._cubic.PchipInterpolator object at 0x000001DD2AC35F60>,False,STEP2_EXITED_ATMOSPHERE,,,,,,,,
-10.511626374869529,10015.160425036403,16001.68009544807,1.0712763499765354,0.8631202286579531,<scipy.interpolate._cubic.PchipInterpolator object at 0x000001DD2AC36200>,True,SUCCESS,486.71981650976767,323.67591189265363,164.2793336887512,9.806109318191812,462931.4530133203,60025.31704463827,140.43438937162819,3503.4137442034544
-10.40861603503434,9950.990151337424,16526.344877358595,0.8430920594893586,0.9620143411900723,<scipy.interpolate._cubic.PchipInterpolator object at 0x000001DD2AC36120>,False,STEP1_NO_BANK,,,,,,,,
-10.91983699749948,10025.189390618547,15823.607708131316,1.0741241202405607,0.8297150198106997,<scipy.interpolate._cubic.PchipInterpolator object at 0x000001DD2AC36350>,True,SUCCESS,548.1700431072883,374.41009356719707,175.13962256821813,10.172332367206733,499999.80740852316,59606.90699987101,139.46417013773862,3520.3048851337053
-10.636624719065479,10025.714810347443,16047.5367048138,1.0179149861243713,1.1288725791348082,<scipy.interpolate._cubic.PchipInterpolator object at 0x000001DD2AC363C0>,True,SUCCESS,412.22386392590147,262.28908338220117,151.25925472363195,10.26848367597483,459081.2165990635,59602.45942710519,136.1895923598986,3506.045889976039
-10.82975594321894,10049.823660484413,16118.515201189668,0.8617831742729394,0.9794118786956755,<scipy.interpolate._cubic.PchipInterpolator object at 0x000001DD2AC362E0>,False,STEP2_EXITED_ATMOSPHERE,,,,,,,,
-10.747296833723546,10004.929113093165,16151.728058050217,0.9299952599448038,0.9434266012934943,<scipy.interpolate._cubic.PchipInterpolator object at 0x000001DD2AC36510>,False,STEP2_EXITED_ATMOSPHERE,,,,,,,,
-10.93125828711844,9952.318275889365,16157.454049922782,0.9560071518286898,1.1029029933632881,<scipy.interpolate._cubic.PchipInterpolator object at 0x000001DD2AC364A0>,False,STEP2_EXITED_ATMOSPHERE,,,,,,,,
-10.484978660578907,10030.422847148528,15702.695057540142,0.8804414107960944,0.9009303698457092,<scipy.interpolate._cubic.PchipInterpolator object at 0x000001DD2AC36740>,False,STEP1_NO_BANK,,,,,,,,
-10.85434215398226,9953.044845192806,16139.905249632851,0.994746245818462,0.6667979440128395,<scipy.interpolate._cubic.PchipInterpolator object at 0x000001DD2AC367B0>,False,STEP2_EXITED_ATMOSPHERE,,,,,,,,
-10.426377466763844,9987.58762017039,15964.055041075002,1.0490600687703815,0.9605430291162095,<scipy.interpolate._cubic.PchipInterpolator object at 0x000001DD2AC36900>,True,SUCCESS,,,,8.305346431249736,489961.78380199405,60020.27173720517,142.14736859322602,3513.721754150128
-10.74977916076292,9954.523460473749,16074.164203350145,1.0075330748807203,1.0896280652367398,<scipy.interpolate._cubic.PchipInterpolator object at 0x000001DD2AC369E0>,False,APOAPSIS_OUT_OF_RANGE,,,,,,,,
-10.245090727127032,9964.863825582876,16024.409748610899,0.9684322108884307,0.9024720516029294,<scipy.interpolate._cubic.PchipInterpolator object at 0x000001DD2AC36970>,False,STEP1_NO_BANK,,,,,,,,
-11.27168172384599,10056.921310427662,16037.267363533112,0.9586794321377784,1.0560289869548058,<scipy.interpolate._cubic.PchipInterpolator object at 0x000001DD2AC36C10>,False,STEP2_EXITED_ATMOSPHERE,,,,,,,,
-10.809450997056896,10040.780302695515,15855.40325308749,1.0456185053252707,0.8652635382827549,<scipy.interpolate._cubic.PchipInterpolator object at 0x000001DD2AC36D60>,False,STEP2_EXITED_ATMOSPHERE,,,,,,,,
-10.668379660278848,10034.082552693528,15938.246752846711,1.1064563858750376,1.0108761832820092,<scipy.interpolate._cubic.PchipInterpolator object at 0x000001DD2AC36CF0>,True,SUCCESS,419.7442683210436,268.2114745181747,152.8849699266622,9.767083588260578,500000.51525844814,59718.48943558943,128.04398481488715,3530.7047773937184
-11.09134803723751,9953.556112078473,16087.448435120492,1.0173331847538107,0.9071507452847716,<scipy.interpolate._cubic.PchipInterpolator object at 0x000001DD2AC36E40>,False,APOAPSIS_OUT_OF_RANGE,,,,,,,,
-11.000327896009662,10055.246586090125,16181.117657466173,0.9161322566938557,0.8554139151505156,<scipy.interpolate._cubic.PchipInterpolator object at 0x000001DD2AC36F90>,False,APOAPSIS_OUT_OF_RANGE,,,,,,,,
-10.473897299459793,10000.764910845148,16006.851831884967,1.0967160476638425,0.8711351234684619,<scipy.interpolate._cubic.PchipInterpolator object at 0x000001DD2AC36C80>,True,SUCCESS,460.0297241838846,300.8714310395207,160.18928823635272,9.26911326512989,481630.25468054967,60025.49115258392,142.55575036530445,3509.552032807399
-10.43299433846226,10047.56724309936,16138.254330593341,1.0779809915589702,0.9883981331571693,<scipy.interpolate._cubic.PchipInterpolator object at 0x000001DD2AC36F20>,False,STEP1_NO_BANK,,,,,,,,
-10.652053475774986,9978.84201220314,15859.364888930879,0.8353738990006698,1.0359591251357767,<scipy.interpolate._cubic.PchipInterpolator object at 0x000001DD2AC371C0>,False,STEP3_NO_VALID_BANK,,,,,,,,
-11.045437187299644,10057.854396306662,15789.379796300256,1.0038512892682974,0.9568164390774876,<scipy.interpolate._cubic.PchipInterpolator object at 0x000001DD2AC37380>,False,STEP2_EXITED_ATMOSPHERE,,,,,,,,
-10.853551828162075,9964.427001104323,15779.816630041214,1.0168513677850946,1.18468535342342,<scipy.interpolate._cubic.PchipInterpolator object at 0x000001DD2AC372A0>,True,SUCCESS,411.5573325972804,262.055629419681,150.36049346798814,10.7814289828358,493259.71296734986,59482.642038164646,132.84296319339865,3523.137889393288
-10.769427985065253,9989.513613704092,15837.550352238097,0.9032808200511617,0.9163657956628042,<scipy.interpolate._cubic.PchipInterpolator object at 0x000001DD2AC373F0>,False,STEP2_EXITED_ATMOSPHERE,,,,,,,,
-10.436511005408562,10015.375111463156,15768.902652890863,1.0104232080909792,1.0836575609629604,<scipy.interpolate._cubic.PchipInterpolator object at 0x000001DD2AC375B0>,False,APOAPSIS_OUT_OF_RANGE,,,,,,,,
-10.703607404706226,10026.421948396744,15956.942246082413,1.095927820086574,0.9356340189859556,<scipy.interpolate._cubic.PchipInterpolator object at 0x000001DD2AC37620>,True,SUCCESS,462.5861906219093,302.7476333161573,160.72513095494037,9.859361087867294,500000.00411633804,59607.85736777859,128.53678006702648,3529.7574747343047
-11.022725863446324,10043.674331681588,16054.342059917708,1.0541010003257707,0.9722927518135214,<scipy.interpolate._cubic.PchipInterpolator object at 0x000001DD2AC37700>,False,STEP2_EXITED_ATMOSPHERE,,,,,,,,
-10.444343515570313,9928.230978856041,16134.697226646924,1.062271783473942,1.03174323304566,<scipy.interpolate._cubic.PchipInterpolator object at 0x000001DD2AC37460>,True,SUCCESS,377.24833362036304,233.8594900706977,144.74189264577848,8.724330248899264,491077.2868960747,59774.75227416861,143.97357591056516,3512.5236547045392
-11.25306695599191,9991.867688562086,16160.146187800467,1.1174403916964677,0.8446111759866666,<scipy.interpolate._cubic.PchipInterpolator object at 0x000001DD2AC377E0>,True,SUCCESS,640.7477076688928,446.6146406800827,195.8366510869854,11.553451551531177,499999.57832554507,59976.86801798788,133.44029398217663,3525.242913920899
-10.40236165258045,10011.120594951486,16178.65461095115,0.8346380419038576,1.0969274246279113,<scipy.interpolate._cubic.PchipInterpolator object at 0x000001DD2AC37930>,False,STEP1_NO_BANK,,,,,,,,
-11.09899534653631,10029.354800039413,15990.167431307864,0.9654852527867471,1.0562329964463926,<scipy.interpolate._cubic.PchipInterpolator object at 0x000001DD2AC37850>,False,STEP2_EXITED_ATMOSPHERE,,,,,,,,
-10.178267702753482,9995.52752569091,15483.04653333757,0.9188968838749869,0.9999502656877133,<scipy.interpolate._cubic.PchipInterpolator object at 0x000001DD2AC37B60>,False,STEP1_NO_BANK,,,,,,,,
-10.651471300323172,10033.098138491716,15921.223108930248,1.1116973949263276,1.0755940181276997,<scipy.interpolate._cubic.PchipInterpolator object at 0x000001DD2AC37BD0>,False,APOAPSIS_OUT_OF_RANGE,,,,,,,,
-10.593864646838293,9962.217732393801,15708.537467379707,1.160238425730682,1.118623205731786,<scipy.interpolate._cubic.PchipInterpolator object at 0x000001DD2AC37E00>,True,SUCCESS,322.3912119377175,191.99267168532873,131.0233372859563,8.646074836004866,499999.17494708154,59608.6506648384,132.36409808448389,3526.6291699793433
-10.850412527337328,9982.2371907772,15940.636061471916,1.1891229859301649,0.8350484428458159,<scipy.interpolate._cubic.PchipInterpolator object at 0x000001DD2AC37D20>,True,SUCCESS,507.0245559232294,337.37329013618154,169.65126578704786,9.758105425608813,499999.9997989451,59800.45524592535,128.68706468362234,3529.738376555828
-10.859693251962776,9945.102921573094,15740.278247915687,0.919447343997308,0.9483568312925957,<scipy.interpolate._cubic.PchipInterpolator object at 0x000001DD2AC37E70>,False,STEP2_EXITED_ATMOSPHERE,,,,,,,,
-10.280047891145914,10110.564553645914,16092.87811129339,1.0679860127606784,0.931710511427741,<scipy.interpolate._cubic.PchipInterpolator object at 0x000001DD2AC37D90>,False,STEP1_NO_BANK,,,,,,,,
-11.108790492849279,10015.640978942605,15717.313782326584,1.2777678465142344,0.9345149794530941,<scipy.interpolate._cubic.PchipInterpolator object at 0x000001DD2ACF0130>,True,SUCCESS,484.5410724532562,320.4046005268651,164.13647192639107,11.047867622455756,500000.3287850801,59988.102203169125,135.14755701972217,3524.253578547485
-10.861568440255349,9958.984444855216,15883.025618547419,0.9932912629853501,1.0087937855487041,<scipy.interpolate._cubic.PchipInterpolator object at 0x000001DD2ACF02F0>,True,SUCCESS,,,,10.147246240185774,500000.086675292,59525.76987794315,128.08836948738826,3530.3470500116796
-10.773174637733897,9999.986041432947,16020.428354450269,1.065807349038336,1.057601287114961,<scipy.interpolate._cubic.PchipInterpolator object at 0x000001DD2ACF0360>,False,STEP2_EXITED_ATMOSPHERE,,,,,,,,
-11.046330429773024,10016.243736527564,16307.723604128447,0.8620115598388599,1.0864890115710661,<scipy.interpolate._cubic.PchipInterpolator object at 0x000001DD2ACF03D0>,False,STEP2_EXITED_ATMOSPHERE,,,,,,,,
-10.686421392196294,10030.55340364749,16250.822044539053,1.1341141104859507,1.205948706869615,<scipy.interpolate._cubic.PchipInterpolator object at 0x000001DD2ACF0440>,True,SUCCESS,321.84095858227454,186.9657609649618,135.86184116780694,8.325079763878255,499997.6161275059,59840.06305229447,115.33388638319866,3542.1664018390243
-10.821281888179724,9994.426323125557,16030.131559520572,1.0992594125376636,0.8358116501699266,<scipy.interpolate._cubic.PchipInterpolator object at 0x000001DD2ACF0280>,True,SUCCESS,580.6552011748056,400.2502089080841,181.78736396027506,10.85530105961332,500000.17999600794,59490.49143142566,135.36708271814086,3523.550758190518
-10.71391256895033,9971.522296761961,15748.978234641829,1.0451044382715795,0.9619215906033357,<scipy.interpolate._cubic.PchipInterpolator object at 0x000001DD2ACF06E0>,False,STEP2_EXITED_ATMOSPHERE,,,,,,,,
-10.520020433068112,9995.324031802671,16112.974536420646,0.8870220354625844,0.9901613679469732,<scipy.interpolate._cubic.PchipInterpolator object at 0x000001DD2ACF0600>,False,STEP1_TOO_MANY_ITERATIONS,,,,,,,,
-11.121423739915162,10000.18313708387,16121.856449666444,0.8028527962770243,0.9929475716886649,<scipy.interpolate._cubic.PchipInterpolator object at 0x000001DD2ACF0520>,False,STEP2_EXITED_ATMOSPHERE,,,,,,,,
-11.274527291778778,10065.024899842112,16130.50481979114,1.025037130925666,1.1078662854128654,<scipy.interpolate._cubic.PchipInterpolator object at 0x000001DD2ACF08A0>,False,STEP2_EXITED_ATMOSPHERE,,,,,,,,
-10.723056520701741,9941.1468630267,16059.919356555101,1.2398833821025796,1.1273980843591254,<scipy.interpolate._cubic.PchipInterpolator object at 0x000001DD2ACF0910>,True,SUCCESS,427.91620389584193,273.6753213779531,154.77191538093024,11.64718049262022,500000.16027641576,59480.69381531312,142.4519648017822,3517.646192224911
-10.65539355652153,10031.185900358285,15967.433515149058,1.038073641253006,0.8783478776115287,<scipy.interpolate._cubic.PchipInterpolator object at 0x000001DD2ACF0AD0>,False,STEP1_NO_BANK,,,,,,,,
-10.920839000308831,9985.213060150993,16203.747762295678,0.990748010937478,1.0700670694527041,<scipy.interpolate._cubic.PchipInterpolator object at 0x000001DD2ACF0980>,False,STEP2_EXITED_ATMOSPHERE,,,,,,,,
-11.14163090183721,9998.199509553546,16080.18015428783,0.866179574133728,0.9268350732355142,<scipy.interpolate._cubic.PchipInterpolator object at 0x000001DD2ACF0D70>,False,STEP2_EXITED_ATMOSPHERE,,,,,,,,
-10.639611352267245,9996.334793122862,16081.238117453835,1.0260465567407009,0.8827694395061685,<scipy.interpolate._cubic.PchipInterpolator object at 0x000001DD2ACF0D00>,True,SUCCESS,,,,10.790204405244882,451046.07888804626,59699.00128798226,134.922741653279,3503.4587825157637
-10.737187469983143,10043.033697605917,16115.491583841664,1.0810769068682085,1.1350217306976425,<scipy.interpolate._cubic.PchipInterpolator object at 0x000001DD2ACF0E50>,False,APOAPSIS_OUT_OF_RANGE,,,,,,,,
-11.331483240014622,9914.643741040807,16198.870134239103,1.048324871230069,0.9114950076819985,<scipy.interpolate._cubic.PchipInterpolator object at 0x000001DD2ACF0F30>,False,STEP2_EXITED_ATMOSPHERE,,,,,,,,
-10.54527735572052,9968.573836967178,15990.373601274385,0.9838139888901889,0.9842906847572217,<scipy.interpolate._cubic.PchipInterpolator object at 0x000001DD2ACF1080>,True,SUCCESS,386.2139680821397,241.32196558341414,145.67931090233725,8.218687223199444,468630.0239726927,59629.858788766374,139.23226646854937,3507.274205242888
-10.365213015837107,10049.993156130906,16347.125113181715,1.0107327933995767,0.8901525560627961,<scipy.interpolate._cubic.PchipInterpolator object at 0x000001DD2ACF10F0>,False,STEP1_NO_BANK,,,,,,,,
-10.621331477451248,10036.17990631899,16625.436040318007,1.1133761009763221,0.963641624465093,<scipy.interpolate._cubic.PchipInterpolator object at 0x000001DD2ACF1240>,False,STEP1_NO_BANK,,,,,,,,
-10.89257086012917,10013.536266604346,16109.915702527584,1.1383832185350213,1.13060907849021,<scipy.interpolate._cubic.PchipInterpolator object at 0x000001DD2ACF12B0>,True,SUCCESS,529.3617594736502,356.5169331446616,172.91418674761982,13.668475694434411,458060.9203380955,59490.22199239872,144.82751363034095,3497.1360784946655
-10.54011852065669,9977.208349090904,16123.629441998026,0.9161001957696145,0.9612454958804134,<scipy.interpolate._cubic.PchipInterpolator object at 0x000001DD2ACF1320>,False,APOAPSIS_OUT_OF_RANGE,,,,,,,,
-10.744403944833673,10038.434706599382,15877.693930660887,0.9456706443450736,0.9860503864054007,<scipy.interpolate._cubic.PchipInterpolator object at 0x000001DD2A8E6F20>,True,SUCCESS,493.4511321582664,328.85321720488577,165.34948214538846,10.501932385152811,457226.9179382812,59702.5428260374,126.44683083296968,3513.689298971711
-10.619583275203546,10047.48043463125,16257.993443866468,0.9674095471954499,1.0420961697691267,<scipy.interpolate._cubic.PchipInterpolator object at 0x000001DD2A8E6E40>,False,APOAPSIS_OUT_OF_RANGE,,,,,,,,
-10.177603523403418,10021.787870119786,15685.657105388473,1.0337477849630456,0.9998510667755617,<scipy.interpolate._cubic.PchipInterpolator object at 0x000001DD2ACF15C0>,False,STEP1_NO_BANK,,,,,,,,
-11.220432972196193,9983.199894706617,15855.366975304858,1.087576288406933,1.0156478054123734,<scipy.interpolate._cubic.PchipInterpolator object at 0x000001DD2ACF1710>,False,STEP2_EXITED_ATMOSPHERE,,,,,,,,
-10.221428619484087,10006.03340392424,15789.437847849722,1.0645772084383898,0.8654166645715333,<scipy.interpolate._cubic.PchipInterpolator object at 0x000001DD2ACF17F0>,False,STEP1_NO_BANK,,,,,,,,
-10.921718393699125,9977.427072616938,15979.28656775952,0.8548591726967958,0.9740665535922743,<scipy.interpolate._cubic.PchipInterpolator object at 0x000001DD2ACF1860>,False,APOAPSIS_OUT_OF_RANGE,,,,,,,,
-10.513174211241795,10059.334788011973,15987.472931264112,0.8949909021040192,1.1812333309516343,<scipy.interpolate._cubic.PchipInterpolator object at 0x000001DD2ACF19B0>,True,SUCCESS,413.6184840139481,264.2057050457052,150.68934840245728,341.77781827970864,499999.99151789973,-3357315.477597474,2068.222176304479,1958.264931390711
-10.792501198014355,10026.678388903978,15751.399863251894,0.9140102581856981,1.0625706950985419,<scipy.interpolate._cubic.PchipInterpolator object at 0x000001DD2ACF18D0>,False,STEP2_EXITED_ATMOSPHERE,,,,,,,,
-10.55992557733372,10051.041565522493,16015.720810737816,0.8972308542228536,1.207625239352735,<scipy.interpolate._cubic.PchipInterpolator object at 0x000001DD2ACF1A90>,False,STEP1_NO_BANK,,,,,,,,
-10.404909789903327,9989.836568553828,16109.586527827074,0.926664096191435,0.8218844882888179,<scipy.interpolate._cubic.PchipInterpolator object at 0x000001DD2ACF1C50>,False,STEP1_NO_BANK,,,,,,,,
-10.859633710077645,9950.318489109255,16043.910930994163,1.0161348192281359,1.04896091529815,<scipy.interpolate._cubic.PchipInterpolator object at 0x000001DD2ACF1D30>,True,SUCCESS,448.76796331395656,289.23650437460657,160.07793499848523,9.853725725457316,500000.6099637645,59768.314361957426,130.00276881315767,3528.9067356385117
-10.761594263739875,10015.246243752521,15941.352332760816,0.9287741442227969,1.042707193162247,<scipy.interpolate._cubic.PchipInterpolator object at 0x000001DD2ACF1EF0>,False,APOAPSIS_OUT_OF_RANGE,,,,,,,,
-10.566418497698749,10015.029585073524,15769.551215251964,0.9497813684516044,0.8566483168613983,<scipy.interpolate._cubic.PchipInterpolator object at 0x000001DD2ACF1E10>,False,STEP1_NO_BANK,,,,,,,,
-10.56719663634678,10011.032500271667,15755.18421588924,1.020475498506717,0.9475462503682018,<scipy.interpolate._cubic.PchipInterpolator object at 0x000001DD2ACF2040>,False,APOAPSIS_OUT_OF_RANGE,,,,,,,,
-11.024443374339375,9982.250278662248,15801.986191791988,0.9610086599147929,0.9500803759775586,<scipy.interpolate._cubic.PchipInterpolator object at 0x000001DD2ACF20B0>,True,SUCCESS,474.48437527955286,312.35222577669214,162.9100829138423,9.408603264561851,465686.1734450272,59798.05854428305,132.6039956911436,3511.770879550332
-11.281532378296536,9991.198501586525,15955.84429934329,0.8796514010351993,0.9455026893864562,<scipy.interpolate._cubic.PchipInterpolator object at 0x000001DD2ACF1FD0>,False,STEP2_EXITED_ATMOSPHERE,,,,,,,,
-10.911898319089987,10055.926448895749,16089.506113607413,0.837746354565236,0.8663602505279796,<scipy.interpolate._cubic.PchipInterpolator object at 0x000001DD2ACF2200>,False,STEP2_EXITED_ATMOSPHERE,,,,,,,,
-10.662680181117494,9996.460366713787,15951.328564503843,0.9894162281285834,1.0445364253151799,<scipy.interpolate._cubic.PchipInterpolator object at 0x000001DD2ACF2270>,False,STEP1_NO_BANK,,,,,,,,
-10.427436854864652,9974.934284759665,16043.036774649427,1.093955443170274,0.9033410130348829,<scipy.interpolate._cubic.PchipInterpolator object at 0x000001DD2ACF2430>,False,STEP1_NO_BANK,,,,,,,,
-10.406233442639065,9977.476854310436,16336.826271654765,0.948415822570489,0.9141443834065195,<scipy.interpolate._cubic.PchipInterpolator object at 0x000001DD2ACF2510>,False,STEP1_NO_BANK,,,,,,,,
-10.659450850081729,9999.998543785738,16116.207359266951,0.904190359862825,0.9791295436130696,<scipy.interpolate._cubic.PchipInterpolator object at 0x000001DD2ACF2580>,False,STEP3_TOO_MANY_ITERATIONS,,,,,,,,
-10.644692920232576,9930.681052070895,15725.246382516842,1.0291392522729725,0.9670999529806165,<scipy.interpolate._cubic.PchipInterpolator object at 0x000001DD2ACF26D0>,True,SUCCESS,393.652977666831,248.01816713465848,146.28300181137334,8.604570672095898,499999.9904280635,59838.29516803178,126.11721475711647,3532.080646592214
-10.889556242889167,10023.070916396582,16055.329777885516,0.8803132023306233,0.7805288616420721,<scipy.interpolate._cubic.PchipInterpolator object at 0x000001DD2ACF2820>,False,STEP2_EXITED_ATMOSPHERE,,,,,,,,
-10.232299245053094,9985.039391781322,15820.957405973062,1.262929608165247,1.1582947515033364,<scipy.interpolate._cubic.PchipInterpolator object at 0x000001DD2ACF2740>,False,STEP1_TOO_MANY_ITERATIONS,,,,,,,,
-10.469950199102398,9983.096388445989,15950.288422358315,0.9029054232406286,1.0629387315387315,<scipy.interpolate._cubic.PchipInterpolator object at 0x000001DD2ACF2970>,False,STEP1_NO_BANK,,,,,,,,
-10.663574661260505,10001.465198381595,16115.525473168344,1.0336367553081645,0.9910355983418828,<scipy.interpolate._cubic.PchipInterpolator object at 0x000001DD2ACF29E0>,True,SUCCESS,453.2282554485821,294.7008141821193,159.51740591508613,9.74727425976132,463869.23322174064,59644.93711483432,141.02953868319764,3503.378659402318
-10.132011237831923,9967.498120077258,15982.870143030557,0.7356600944011056,1.0513052088750892,<scipy.interpolate._cubic.PchipInterpolator object at 0x000001DD2ACF2C10>,False,STEP1_NO_BANK,,,,,,,,
-11.414679073901244,9949.34072406931,16130.1278581374,1.0734258420425475,0.9847564403724334,<scipy.interpolate._cubic.PchipInterpolator object at 0x000001DD2ACF2A50>,False,STEP2_EXITED_ATMOSPHERE,,,,,,,,
-11.15998809896854,9975.134173968403,16168.947540897494,1.0914873166788186,0.9684631305377385,<scipy.interpolate._cubic.PchipInterpolator object at 0x000001DD2ACF2CF0>,True,SUCCESS,517.5561359266604,342.9274834925313,174.62865243412912,10.621141839005086,499999.9740807517,59966.601463413324,141.25454632468382,3518.463515033945
-10.576112780758363,9984.553392389364,16128.846513486245,0.9990318584329596,0.9306514424997873,<scipy.interpolate._cubic.PchipInterpolator object at 0x000001DD2ACF2D60>,False,APOAPSIS_OUT_OF_RANGE,,,,,,,,
-10.287994902855633,9961.59751208315,16207.515164475699,1.0144008863585139,0.9692085889597001,<scipy.interpolate._cubic.PchipInterpolator object at 0x000001DD2ACF2F20>,False,STEP1_NO_BANK,,,,,,,,
-11.193029217881913,9997.82684955511,16139.835199591414,1.0344546284053162,1.0632204571440513,<scipy.interpolate._cubic.PchipInterpolator object at 0x000001DD2ACF3000>,False,STEP2_EXITED_ATMOSPHERE,,,,,,,,
-11.132740837206907,10048.962017928523,15801.846113489382,1.0277438863984925,0.8810369239609579,<scipy.interpolate._cubic.PchipInterpolator object at 0x000001DD2ACF3070>,False,STEP2_EXITED_ATMOSPHERE,,,,,,,,
-10.840365502084888,10020.652150885677,16068.664551116428,0.9303340163757408,1.0669368458589277,<scipy.interpolate._cubic.PchipInterpolator object at 0x000001DD2ACF2DD0>,False,STEP2_EXITED_ATMOSPHERE,,,,,,,,
-10.729868454174616,10007.929999011069,15913.979342407034,0.9578826177157223,1.017636745247087,<scipy.interpolate._cubic.PchipInterpolator object at 0x000001DD2ACF3230>,False,APOAPSIS_OUT_OF_RANGE,,,,,,,,
-10.940304564749216,10068.470170339657,16128.695154443978,0.8533360495660831,1.0420697865394017,<scipy.interpolate._cubic.PchipInterpolator object at 0x000001DD2ACF3150>,False,STEP3_TOO_MANY_ITERATIONS,,,,,,,,
-11.115338875788655,10039.826925570318,16070.914509766386,0.9242895437346341,1.0674461664151018,<scipy.interpolate._cubic.PchipInterpolator object at 0x000001DD2ACF34D0>,False,APOAPSIS_OUT_OF_RANGE,,,,,,,,
-10.781097397308656,10031.709954661168,15963.316309155452,0.9868548288546333,1.0087887812430385,<scipy.interpolate._cubic.PchipInterpolator object at 0x000001DD2ACF3380>,True,SUCCESS,493.45882467136107,328.9568023569923,165.99352470848834,10.803313751190128,454440.63895817375,59524.780636702024,129.360158069082,3510.03583975439
-10.057044425739429,10018.059406087961,16005.912173390296,1.0072445460955288,0.875072581400403,<scipy.interpolate._cubic.PchipInterpolator object at 0x000001DD2ACF35B0>,False,STEP1_NO_BANK,,,,,,,,
-10.942631856048761,10023.484900243739,15868.559968697362,1.1123362740558462,1.0161196592573607,<scipy.interpolate._cubic.PchipInterpolator object at 0x000001DD2ACF3700>,False,STEP2_EXITED_ATMOSPHERE,,,,,,,,
-10.336344048096445,9999.815035060396,15955.533832372168,0.94069507707258,1.1684025177043842,<scipy.interpolate._cubic.PchipInterpolator object at 0x000001DD2ACF3770>,False,STEP1_NO_BANK,,,,,,,,
-10.308730720549693,9952.794534266326,16367.485381275026,1.0203200601585698,1.1878582940718856,<scipy.interpolate._cubic.PchipInterpolator object at 0x000001DD2ACF37E0>,False,APOAPSIS_OUT_OF_RANGE,,,,,,,,
-10.620228714233434,10084.068114752436,15955.972521478156,1.1124215351291962,0.9963049889865339,<scipy.interpolate._cubic.PchipInterpolator object at 0x000001DD2ACF3A10>,True,SUCCESS,401.0146945980216,251.71519939050617,150.27951937353038,8.977636306358031,499999.8998632178,60026.8010164549,127.84529936540775,3530.972515392923
-10.66481722098807,10006.504099227139,15990.661339575005,0.9214012071447789,0.9456360492779654,<scipy.interpolate._cubic.PchipInterpolator object at 0x000001DD2ACF3A80>,False,APOAPSIS_OUT_OF_RANGE,,,,,,,,
-10.130721468600244,10022.130856663041,15969.601479821235,0.9646789718071943,0.9089364283368904,<scipy.interpolate._cubic.PchipInterpolator object at 0x000001DD2ACF3850>,False,STEP1_NO_BANK,,,,,,,,
-10.744240023856745,10034.978028442265,15835.780571062714,1.1672104416303264,0.9946899616443088,<scipy.interpolate._cubic.PchipInterpolator object at 0x000001DD2ACF3BD0>,True,SUCCESS,344.736275161246,207.12510920477575,138.30404057823316,7.838393444227,499999.3631089089,59750.277389460614,111.59718516335306,3545.180129448261
-10.68661335636961,9943.405905301704,15942.242844105755,0.9020789510372144,1.099138969028028,<scipy.interpolate._cubic.PchipInterpolator object at 0x000001DD2ACF3D90>,False,STEP2_EXITED_ATMOSPHERE,,,,,,,,
-10.483823652037959,9933.244330334654,16014.378619726007,0.9640837356552895,1.177857102854122,<scipy.interpolate._cubic.PchipInterpolator object at 0x000001DD2ACF3CB0>,False,STEP1_NO_BANK,,,,,,,,
-9.883265530573398,9975.54286742974,16057.30099202846,0.9599251713565767,0.967204448245788,<scipy.interpolate._cubic.PchipInterpolator object at 0x000001DD2ACF3E00>,False,STEP1_NO_BANK,,,,,,,,
-10.222007744125607,10031.65109997828,15787.338802004202,1.0420667874804812,1.0913368681888767,<scipy.interpolate._cubic.PchipInterpolator object at 0x000001DD2ACF3C40>,False,STEP1_NO_BANK,,,,,,,,
-10.844700151862918,9927.332778131278,15835.299296793622,1.0274977443433189,1.0929607026245378,<scipy.interpolate._cubic.PchipInterpolator object at 0x000001DD2AAF41A0>,False,STEP2_EXITED_ATMOSPHERE,,,,,,,,
-10.74444611322426,10047.747551230406,15971.554809917403,0.9616576498223267,0.8696734085973271,<scipy.interpolate._cubic.PchipInterpolator object at 0x000001DD2ACF3F50>,False,STEP1_NO_BANK,,,,,,,,
-11.10134356612165,10016.043679401004,15873.400983779811,1.0861057042238424,1.1065908615597753,<scipy.interpolate._cubic.PchipInterpolator object at 0x000001DD2AAF4130>,True,SUCCESS,,,,13.651213966303546,465327.40507111896,59965.63289112966,138.35976235237786,3506.510300147494
-11.140541268731836,9982.187487760806,16002.688353408046,0.851854110448003,1.0192488832336575,<scipy.interpolate._cubic.PchipInterpolator object at 0x000001DD2AAF4440>,False,STEP3_NO_VALID_BANK,,,,,,,,
-10.650090245385861,10031.58370508549,16223.168726627913,0.9962551901222072,1.0515144367452691,<scipy.interpolate._cubic.PchipInterpolator object at 0x000001DD2AAF4280>,True,SUCCESS,449.56812703179935,291.1346969934506,160.10669510335165,10.076357754500918,460657.86033363163,59707.464603678396,133.42604426042317,3508.667928908706
-10.380987622677969,10005.633351984668,15838.706644922362,0.9944304158027196,1.0327067581481533,<scipy.interpolate._cubic.PchipInterpolator object at 0x000001DD2AAF4590>,False,STEP1_NO_BANK,,,,,,,,
-10.992452556405928,10033.896667224017,16184.766281168515,0.9551615344086726,0.7946241792072828,<scipy.interpolate._cubic.PchipInterpolator object at 0x000001DD2AAF4360>,False,STEP2_EXITED_ATMOSPHERE,,,,,,,,
-10.743336805350426,10018.24892163994,15989.292690835971,1.0646403692185067,1.0147049293908748,<scipy.interpolate._cubic.PchipInterpolator object at 0x000001DD2AAF47C0>,True,SUCCESS,,,,9.7983356281597,500000.04557305254,59667.648232908155,123.16758954829083,3535.241419186396
-10.258841384416032,9996.861572972406,15711.565820168284,1.0818231555221107,1.0733797422094462,<scipy.interpolate._cubic.PchipInterpolator object at 0x000001DD2AAF46E0>,False,STEP1_NO_BANK,,,,,,,,
-10.906917197920336,10015.284849504022,15980.145437497868,1.048541563933433,1.0636600415888517,<scipy.interpolate._cubic.PchipInterpolator object at 0x000001DD2AAF4910>,False,APOAPSIS_OUT_OF_RANGE,,,,,,,,
-10.860294638305962,9932.59883418493,15838.127336663445,1.0703621301610247,1.1244388233112292,<scipy.interpolate._cubic.PchipInterpolator object at 0x000001DD2AAF4980>,False,STEP2_EXITED_ATMOSPHERE,,,,,,,,
-9.901225151605678,10061.109714058985,15824.53115300444,1.0164179251592447,0.9416346260676266,<scipy.interpolate._cubic.PchipInterpolator object at 0x000001DD2AAF4AD0>,False,STEP1_NO_BANK,,,,,,,,
-11.004281435297049,9959.685186976898,16110.835737643518,0.861726828177538,1.004959992201857,<scipy.interpolate._cubic.PchipInterpolator object at 0x000001DD2AAF4B40>,False,STEP2_EXITED_ATMOSPHERE,,,,,,,,
-10.610397357266509,10023.866376300193,16160.892706378207,1.0302922429850165,1.0720239701259142,<scipy.interpolate._cubic.PchipInterpolator object at 0x000001DD2AAF4D00>,False,APOAPSIS_OUT_OF_RANGE,,,,,,,,
-11.049152833596832,9947.389537763043,16238.23232605379,0.8945545452625919,1.0349812593855328,<scipy.interpolate._cubic.PchipInterpolator object at 0x000001DD2AAF4C90>,False,STEP2_EXITED_ATMOSPHERE,,,,,,,,
-11.385214917199141,10046.999204679667,16045.42958984182,1.106795201509361,0.950628892557884,<scipy.interpolate._cubic.PchipInterpolator object at 0x000001DD2AAF4E50>,False,STEP3_TOO_MANY_ITERATIONS,,,,,,,,
-11.189256883889628,9960.145188782479,16139.250133737167,1.0295972677366438,1.0811894711110526,<scipy.interpolate._cubic.PchipInterpolator object at 0x000001DD2AAF4F30>,False,STEP2_EXITED_ATMOSPHERE,,,,,,,,
-10.876203576829619,10003.285242775723,15857.300038522639,0.7994249934483111,1.0554627110881247,<scipy.interpolate._cubic.PchipInterpolator object at 0x000001DD2AAF5010>,False,STEP2_EXITED_ATMOSPHERE,,,,,,,,
-11.207153303041409,10061.34134809495,16092.40532112269,1.0509331368298613,1.002824571393384,<scipy.interpolate._cubic.PchipInterpolator object at 0x000001DD2AAF4FA0>,False,STEP2_EXITED_ATMOSPHERE,,,,,,,,
-11.142863330096047,9968.168990646423,15539.930740520502,1.018802280186623,1.0442771391985894,<scipy.interpolate._cubic.PchipInterpolator object at 0x000001DD2AAF5160>,False,STEP2_EXITED_ATMOSPHERE,,,,,,,,
-10.245478349700255,10004.831811139291,16029.337296465343,0.8504143050807321,0.9367263200506301,<scipy.interpolate._cubic.PchipInterpolator object at 0x000001DD2AAF5080>,False,STEP1_NO_BANK,,,,,,,,
-10.543736747604683,10024.907243163512,15958.441465422888,0.9826313363814989,1.1017345510956538,<scipy.interpolate._cubic.PchipInterpolator object at 0x000001DD2AAF5320>,False,APOAPSIS_OUT_OF_RANGE,,,,,,,,
-11.029910394809528,10015.81921767653,16225.441411718202,1.0871625896572266,0.7433788389125968,<scipy.interpolate._cubic.PchipInterpolator object at 0x000001DD2AAF5400>,False,STEP2_EXITED_ATMOSPHERE,,,,,,,,
-10.954267640295042,10034.83470384703,16102.510390562666,1.2104856385121516,0.9493365236625153,<scipy.interpolate._cubic.PchipInterpolator object at 0x000001DD2AAF5550>,True,SUCCESS,,,,12.092901537757475,500000.0017223446,59616.73791380505,141.45869933335825,3518.6982219243473
-10.459161605887788,10027.775913609074,16032.152732643452,0.9588355989344697,0.9229600442625256,<scipy.interpolate._cubic.PchipInterpolator object at 0x000001DD2AAF54E0>,False,STEP1_NO_BANK,,,,,,,,
-10.776008360890474,9985.293229576942,16032.858731352137,0.9671138743406231,1.1560063284456237,<scipy.interpolate._cubic.PchipInterpolator object at 0x000001DD2AAF56A0>,False,APOAPSIS_OUT_OF_RANGE,,,,,,,,
-10.068188211030813,10035.98092489981,15977.85751761667,1.050595212116775,0.8957256523861699,<scipy.interpolate._cubic.PchipInterpolator object at 0x000001DD2AAF5780>,False,STEP1_NO_BANK,,,,,,,,
-10.894850336238703,9993.267928710855,15926.496228236925,0.9616832523614427,0.8449927435724368,<scipy.interpolate._cubic.PchipInterpolator object at 0x000001DD2AAF55C0>,False,STEP2_EXITED_ATMOSPHERE,,,,,,,,
-10.549565635967351,9997.325303771187,16103.936977403424,1.1294872772431745,1.0450230233316482,<scipy.interpolate._cubic.PchipInterpolator object at 0x000001DD2AAF5A20>,True,SUCCESS,409.844968167635,259.87673229507226,151.56245995677898,9.917794208860261,500000.0543772334,59861.83348002733,143.4438170843464,3516.1785928933705
-10.940497001386143,9988.374016899952,16507.31108596403,1.333004936696621,1.044370255360827,<scipy.interpolate._cubic.PchipInterpolator object at 0x000001DD2AAF5940>,True,SUCCESS,542.9963115255299,363.08196899043037,181.6977747259334,13.28565339563558,499999.9848053157,59827.43186089732,142.15579871084628,3517.487053192352
-10.349467680811008,10043.745583801197,15893.612163471198,1.0511966300686872,1.0964460381932577,<scipy.interpolate._cubic.PchipInterpolator object at 0x000001DD2AAF5B00>,False,STEP1_NO_BANK,,,,,,,,
-10.317048719544562,9996.862945451267,15654.737924671641,1.0749073811758991,0.9204622384449276,<scipy.interpolate._cubic.PchipInterpolator object at 0x000001DD2AAF59B0>,False,STEP1_NO_BANK,,,,,,,,
-10.882307052666036,9983.894150907121,15704.656295705036,0.8262773453614473,1.0269651012679617,<scipy.interpolate._cubic.PchipInterpolator object at 0x000001DD2AAF5CC0>,False,STEP2_EXITED_ATMOSPHERE,,,,,,,,
-10.315700134531118,9991.097908398264,16000.343634522405,1.0417906220260322,0.9972075477658539,<scipy.interpolate._cubic.PchipInterpolator object at 0x000001DD2AAF5E80>,False,STEP1_NO_BANK,,,,,,,,
-10.91942649721026,10001.12018699591,15903.339620445353,0.9598403854931019,1.1658439894551083,<scipy.interpolate._cubic.PchipInterpolator object at 0x000001DD2AAF5E10>,False,APOAPSIS_OUT_OF_RANGE,,,,,,,,
-11.270448790493418,9963.008931914484,15870.177693396829,1.030517844700581,1.1312786905503436,<scipy.interpolate._cubic.PchipInterpolator object at 0x000001DD2AAF5F60>,False,STEP2_EXITED_ATMOSPHERE,,,,,,,,
-10.457946479014769,10008.51977690177,16118.346665863093,0.8354407080146893,1.0331166972325059,<scipy.interpolate._cubic.PchipInterpolator object at 0x000001DD2AAF5FD0>,False,STEP1_NO_BANK,,,,,,,,
-10.788879186218354,10003.048888663718,16159.840089097019,0.9382009605685517,1.000101762188907,<scipy.interpolate._cubic.PchipInterpolator object at 0x000001DD2AAF6040>,False,APOAPSIS_OUT_OF_RANGE,,,,,,,,
-10.307135774678436,9979.657627481904,15653.085976412453,0.8650900238886273,1.2432186357529544,<scipy.interpolate._cubic.PchipInterpolator object at 0x000001DD2AAF6200>,False,STEP1_NO_BANK,,,,,,,,
-11.036375647235396,9964.211438775146,15756.244220838244,0.9934523579006528,0.9883436001108461,<scipy.interpolate._cubic.PchipInterpolator object at 0x000001DD2AAF62E0>,True,SUCCESS,428.4744226637041,273.74538017422566,154.80840808948082,8.830008131337234,500000.0507070418,59919.68725066701,123.71276025724728,3534.419996125437
-10.567603607926682,9997.206266549847,16194.693385039409,0.9988810102042436,1.0542594156745866,<scipy.interpolate._cubic.PchipInterpolator object at 0x000001DD2AAF64A0>,True,SUCCESS,392.4243371358426,244.61601868385353,149.06374154985576,8.744127344488675,499999.5491357802,59778.273838395005,133.70159330430715,3525.004648271078
-11.359456105247789,10022.218849157722,15910.468235764392,1.051564452062195,0.9616654446816086,<scipy.interpolate._cubic.PchipInterpolator object at 0x000001DD2AAF63C0>,False,STEP2_EXITED_ATMOSPHERE,,,,,,,,
-10.495388154865285,10055.024584920324,16012.259756041942,1.00616290142251,0.9557783276788836,<scipy.interpolate._cubic.PchipInterpolator object at 0x000001DD2AAF65F0>,False,STEP1_NO_BANK,,,,,,,,
-10.638439288588586,9947.404252474944,15484.836118962688,0.9891415093652826,0.8837352228868545,<scipy.interpolate._cubic.PchipInterpolator object at 0x000001DD2AAF60B0>,False,APOAPSIS_OUT_OF_RANGE,,,,,,,,
-10.728406827498997,9994.219905614733,16397.2497970461,1.0805766156031715,1.112626658077638,<scipy.interpolate._cubic.PchipInterpolator object at 0x000001DD2AAF6820>,False,APOAPSIS_OUT_OF_RANGE,,,,,,,,
-9.903564393778165,10024.12948935248,16103.570923153275,0.9115397375998943,0.9154793867951886,<scipy.interpolate._cubic.PchipInterpolator object at 0x000001DD2AAF6890>,False,STEP1_NO_BANK,,,,,,,,
-10.837633795097794,9925.614527576789,16000.365873020597,1.0460930907591035,1.0680439133000534,<scipy.interpolate._cubic.PchipInterpolator object at 0x000001DD2AAF6970>,False,APOAPSIS_OUT_OF_RANGE,,,,,,,,
-10.68259686517409,9961.816687387327,15992.23738289141,0.8819795562165372,0.8795636938912006,<scipy.interpolate._cubic.PchipInterpolator object at 0x000001DD2AAF6AC0>,False,APOAPSIS_OUT_OF_RANGE,,,,,,,,
-10.352101848702258,9932.370897930772,15980.32797056471,0.9181304557037062,0.8946170345658087,<scipy.interpolate._cubic.PchipInterpolator object at 0x000001DD2AAF6B30>,False,STEP1_NO_BANK,,,,,,,,
-10.643709626775967,10039.211636425505,16455.115250167062,1.0474557625830287,0.9659100508400987,<scipy.interpolate._cubic.PchipInterpolator object at 0x000001DD2AAF6C10>,False,STEP2_EXITED_ATMOSPHERE,,,,,,,,
-10.758089327590294,9965.846282445335,16061.199855330433,1.051242474343509,0.8774833338354823,<scipy.interpolate._cubic.PchipInterpolator object at 0x000001DD2AAF6D60>,True,SUCCESS,,,,9.609751136079504,500000.0010160206,59695.90083192417,121.22276898935388,3536.6537480371994
-11.141782431409226,10061.266510162177,15887.885904317674,0.9472145286704006,1.1187326126295265,<scipy.interpolate._cubic.PchipInterpolator object at 0x000001DD2AAF6C80>,False,APOAPSIS_OUT_OF_RANGE,,,,,,,,
-10.639860259188891,10019.959916637334,16101.367185737518,0.9813834837287793,1.0053782962126485,<scipy.interpolate._cubic.PchipInterpolator object at 0x000001DD2AAF6DD0>,False,STEP1_NO_BANK,,,,,,,,
-11.006475237690609,10058.753434584181,16080.634280433922,0.9744725276261801,0.8656055540508509,<scipy.interpolate._cubic.PchipInterpolator object at 0x000001DD2AAF6EB0>,False,APOAPSIS_OUT_OF_RANGE,,,,,,,,
-10.704485936688439,10030.078408325908,15867.531118025096,1.060250942578345,0.8803581023458171,<scipy.interpolate._cubic.PchipInterpolator object at 0x000001DD2AAF70E0>,False,APOAPSIS_OUT_OF_RANGE,,,,,,,,
-10.695755640287574,10012.283114524183,15994.860787749647,1.0905187333626776,0.9649810666526374,<scipy.interpolate._cubic.PchipInterpolator object at 0x000001DD2AAF7000>,True,SUCCESS,482.52197525811323,319.0404694184402,164.1018959507507,10.664969607594664,496160.46531880315,59594.01953521254,139.90966074839662,3517.7908875276553
-10.920053332124645,10017.19432376186,15783.31653072122,1.1339148851790641,1.009734280017822,<scipy.interpolate._cubic.PchipInterpolator object at 0x000001DD2AAF7230>,True,SUCCESS,519.1810516531709,350.4791066513334,169.8389460258872,12.175369028796423,499999.96200557315,59768.48511290238,135.03251047589083,3524.1428999606223
-11.05127109885774,10015.184657960319,15967.627106006932,1.023651774438029,0.8580374955172161,<scipy.interpolate._cubic.PchipInterpolator object at 0x000001DD2AAF71C0>,False,STEP2_EXITED_ATMOSPHERE,,,,,,,,
-10.04817466774595,10054.277852897058,15778.45428155134,0.8549236742186866,1.061199161038389,<scipy.interpolate._cubic.PchipInterpolator object at 0x000001DD2AAF73F0>,False,STEP1_NO_BANK,,,,,,,,
-10.771624756001518,10008.542558843763,15666.364827116231,0.9671990066320544,1.1300287758116274,<scipy.interpolate._cubic.PchipInterpolator object at 0x000001DD2AAF72A0>,False,APOAPSIS_OUT_OF_RANGE,,,,,,,,
-10.046289853878609,9937.873214113213,16199.35277796467,0.8654236178822922,0.8871152202754446,<scipy.interpolate._cubic.PchipInterpolator object at 0x000001DD2AAF7540>,False,STEP1_NO_BANK,,,,,,,,
-11.194830435889319,10023.608512333922,16450.640455158777,1.0408795351269688,0.8821435613897843,<scipy.interpolate._cubic.PchipInterpolator object at 0x000001DD2AAF7690>,False,STEP2_EXITED_ATMOSPHERE,,,,,,,,
-11.096119364311967,10013.982554881855,15923.826577574202,0.7704854360037291,0.9452809288934425,<scipy.interpolate._cubic.PchipInterpolator object at 0x000001DD2AAF77E0>,False,STEP2_EXITED_ATMOSPHERE,,,,,,,,
-10.44163061671069,10002.190279039467,16197.393783596017,1.0074927562003781,0.869919302858037,<scipy.interpolate._cubic.PchipInterpolator object at 0x000001DD2AAF7700>,False,STEP1_NO_BANK,,,,,,,,
-9.869264235965298,9923.907119811207,15693.44350250022,0.911452481101149,0.9600119178302388,<scipy.interpolate._cubic.PchipInterpolator object at 0x000001DD2AAF7850>,False,STEP1_NO_BANK,,,,,,,,
-10.374926138871674,9991.983367885785,15781.467900262289,1.0643542162617967,1.0663173555016774,<scipy.interpolate._cubic.PchipInterpolator object at 0x000001DD2AAF79A0>,False,STEP1_NO_BANK,,,,,,,,
-10.598023573761745,10007.819712339899,16228.749492689138,0.8607756346225726,0.9199160114391713,<scipy.interpolate._cubic.PchipInterpolator object at 0x000001DD2AAF7A10>,False,STEP3_NO_VALID_BANK,,,,,,,,
-10.53674260579446,9975.628648015518,16274.241450724883,1.0420758564039618,1.0013944658524438,<scipy.interpolate._cubic.PchipInterpolator object at 0x000001DD2AAF7C40>,False,STEP1_NO_BANK,,,,,,,,
-10.766554970050402,9971.197288852649,16015.075241264962,0.8407373769195691,0.8856296200729021,<scipy.interpolate._cubic.PchipInterpolator object at 0x000001DD2AAF7CB0>,False,STEP1_NO_BANK,,,,,,,,
-11.413481258051672,10031.475482119144,15772.306327647057,1.0599628220088464,0.9218452402897396,<scipy.interpolate._cubic.PchipInterpolator object at 0x000001DD2AAF7D20>,False,STEP2_EXITED_ATMOSPHERE,,,,,,,,
-10.56604478437513,10006.301674188322,15881.711382978574,0.924755178593367,1.0050944790267975,<scipy.interpolate._cubic.PchipInterpolator object at 0x000001DD2AAF7EE0>,False,STEP2_EXITED_ATMOSPHERE,,,,,,,,
-10.919558090987476,9983.05586191297,16147.866850565233,1.1191279693474452,1.072638130517679,<scipy.interpolate._cubic.PchipInterpolator object at 0x000001DD2AAF7E00>,False,APOAPSIS_OUT_OF_RANGE,,,,,,,,
-10.383832657051931,10048.392763545657,16013.568738294907,0.7493234640204001,0.9367849669927681,<scipy.interpolate._cubic.PchipInterpolator object at 0x000001DD2AAF7F50>,False,STEP1_NO_BANK,,,,,,,,
-9.850892683107272,10028.164375554534,16076.490496669754,0.9517834019098843,1.1597561037435598,<scipy.interpolate._cubic.PchipInterpolator object at 0x000001DD2AC040C0>,False,STEP1_NO_BANK,,,,,,,,
-10.44177595613232,10036.90010761411,16152.163961015516,0.9871601999165406,1.0463140714482588,<scipy.interpolate._cubic.PchipInterpolator object at 0x000001DD2AC04210>,False,STEP1_NO_BANK,,,,,,,,
-11.143020725124066,10034.620780446712,16066.892239614563,0.981755417350356,0.9031964231991301,<scipy.interpolate._cubic.PchipInterpolator object at 0x000001DD2AC04280>,False,STEP3_TOO_MANY_ITERATIONS,,,,,,,,
-11.027348022565365,10049.343548427558,16051.801475362907,1.109366025901282,1.0906464580937227,<scipy.interpolate._cubic.PchipInterpolator object at 0x000001DD2AC043D0>,False,APOAPSIS_OUT_OF_RANGE,,,,,,,,
-10.967442162094086,10022.575020386792,15735.08783972976,1.028949959016598,0.9762343762764949,<scipy.interpolate._cubic.PchipInterpolator object at 0x000001DD2AC04590>,True,SUCCESS,,,,10.237256989016421,500000.1888102717,59824.114667890906,126.27888143919927,3531.7951946041553
-10.570621830145905,9995.036907673055,16098.483418902166,1.1312812843177724,1.035552501696142,<scipy.interpolate._cubic.PchipInterpolator object at 0x000001DD2AC04360>,True,SUCCESS,476.44820275268285,315.0482194780235,163.14384126513835,11.726916942004959,452061.0204425177,59862.1627069409,145.77487303116732,3494.053516134512
-10.33566527392084,9996.981535871428,16220.510689019851,1.0166212966792625,0.8506067155793152,<scipy.interpolate._cubic.PchipInterpolator object at 0x000001DD2AC044B0>,False,STEP1_NO_BANK,,,,,,,,
-10.634797641403882,9961.542674423308,16000.737252941391,0.9729580175123512,1.0660012270778476,<scipy.interpolate._cubic.PchipInterpolator object at 0x000001DD2AC047C0>,False,STEP3_NO_VALID_BANK,,,,,,,,
-10.497390636829534,10062.098284921605,16237.317296008036,0.8498336014567437,1.183842706827782,<scipy.interpolate._cubic.PchipInterpolator object at 0x000001DD2AC04830>,False,STEP1_NO_BANK,,,,,,,,
-11.144508677599635,9956.430583627365,16303.195180134035,1.027494187413826,1.0314226989612907,<scipy.interpolate._cubic.PchipInterpolator object at 0x000001DD2AC04750>,False,STEP2_EXITED_ATMOSPHERE,,,,,,,,
-10.416483243074808,10041.248227980008,15843.013945794077,1.0639341450628137,1.0948335725158,<scipy.interpolate._cubic.PchipInterpolator object at 0x000001DD2AC049F0>,False,STEP1_NO_BANK,,,,,,,,
-10.227445556036614,10020.459903565908,15802.384429257332,1.0438242817886336,0.9590925338577272,<scipy.interpolate._cubic.PchipInterpolator object at 0x000001DD2AC04A60>,False,STEP1_NO_BANK,,,,,,,,
-11.28219004637908,9996.366435149148,15890.951946966365,1.0348968413530133,1.0906159760358103,<scipy.interpolate._cubic.PchipInterpolator object at 0x000001DD2AC04BB0>,True,SUCCESS,559.9164275929631,379.9325638613301,179.98386373163302,12.879240474930212,500000.0941973897,59983.88083785803,131.96898459924387,3526.709389326376
-10.70463386755176,9993.257615264158,16082.500213286621,1.0464669677134555,1.0563690141819893,<scipy.interpolate._cubic.PchipInterpolator object at 0x000001DD2AC04D70>,True,SUCCESS,427.3933310774097,273.4850796720931,155.20588449801681,9.880596596785516,499999.86495563353,59569.03674798954,130.54746691797664,3528.5605597347026
-11.84955848793165,9970.067440153432,16246.266092828437,1.0659754654709461,0.9485612486838,<scipy.interpolate._cubic.PchipInterpolator object at 0x000001DD2AC04C20>,False,STEP1_NO_BANK,,,,,,,,
-10.907066831746866,9938.20551799057,15931.07500437257,0.8372125753729112,0.9107377529101027,<scipy.interpolate._cubic.PchipInterpolator object at 0x000001DD2AC04E50>,False,STEP2_EXITED_ATMOSPHERE,,,,,,,,
-10.325518473399164,9984.656032650548,15985.538218802876,0.8686664655581982,1.0086517282970795,<scipy.interpolate._cubic.PchipInterpolator object at 0x000001DD2AC04F30>,False,STEP1_NO_BANK,,,,,,,,
-11.328101975940033,9967.188919063528,16080.794434024001,1.161154102432521,0.9315415113995248,<scipy.interpolate._cubic.PchipInterpolator object at 0x000001DD2AC04DE0>,False,STEP2_EXITED_ATMOSPHERE,,,,,,,,
-10.779125874330795,9994.06175535669,15928.398842401288,1.0543025514355266,0.9899976379263066,<scipy.interpolate._cubic.PchipInterpolator object at 0x000001DD2AC051D0>,False,APOAPSIS_OUT_OF_RANGE,,,,,,,,
-10.525599832999776,10003.516656507269,15614.336243969105,0.9417821938114991,1.173364804703608,<scipy.interpolate._cubic.PchipInterpolator object at 0x000001DD2AC05010>,False,STEP1_NO_BANK,,,,,,,,
-10.635947327600034,10011.940496122996,15957.510115500087,1.050482048545683,0.979625133483312,<scipy.interpolate._cubic.PchipInterpolator object at 0x000001DD2AC052B0>,False,APOAPSIS_OUT_OF_RANGE,,,,,,,,
-10.950688945143535,10058.719307540483,15923.171173089633,0.9008094010356932,1.1979606714967745,<scipy.interpolate._cubic.PchipInterpolator object at 0x000001DD2AC05390>,False,APOAPSIS_OUT_OF_RANGE,,,,,,,,
-11.090797123629859,9985.044404215045,16170.483173151646,1.1321674478799872,1.0507160556425201,<scipy.interpolate._cubic.PchipInterpolator object at 0x000001DD2AC054E0>,True,SUCCESS,503.9217239676468,333.2019167364676,171.47537720304024,11.546863849797042,499999.86611289316,59561.391137599356,144.396346418112,3515.3750413861903
-10.762589472308347,9989.550882140886,15739.089638674008,0.8475264352356183,1.1834487648625025,<scipy.interpolate._cubic.PchipInterpolator object at 0x000001DD2AC05470>,False,STEP2_EXITED_ATMOSPHERE,,,,,,,,
-10.622159918291523,9950.996121224052,15897.575068281778,1.0344825616748536,0.9276986346980233,<scipy.interpolate._cubic.PchipInterpolator object at 0x000001DD2AC056A0>,False,APOAPSIS_OUT_OF_RANGE,,,,,,,,
-10.18765089586518,10026.037187477845,16038.823912292106,1.0005222162261547,1.2007245375038484,<scipy.interpolate._cubic.PchipInterpolator object at 0x000001DD2AC055C0>,False,STEP1_NO_BANK,,,,,,,,
-10.714548710075146,10018.483542708804,16211.141382905815,0.8744732911299076,0.893464926775265,<scipy.interpolate._cubic.PchipInterpolator object at 0x000001DD2AC05860>,False,APOAPSIS_OUT_OF_RANGE,,,,,,,,
-10.612802983960583,9999.979777638182,15966.583952558964,0.9358618089337537,0.8610821537742553,<scipy.interpolate._cubic.PchipInterpolator object at 0x000001DD2AC059B0>,False,STEP1_NO_BANK,,,,,,,,
-10.45821043537231,10020.800329494296,16077.624584483485,0.9696705165381788,0.9043458011851644,<scipy.interpolate._cubic.PchipInterpolator object at 0x000001DD2AC05780>,False,STEP1_NO_BANK,,,,,,,,
-9.922500590717421,9989.919825174138,15978.971181506411,1.0406129685684833,1.034121735113501,<scipy.interpolate._cubic.PchipInterpolator object at 0x000001DD2AC05A90>,False,STEP1_NO_BANK,,,,,,,,
-10.495197738156273,9963.15707198245,16094.09774859157,1.1040997110462294,1.0976595210057813,<scipy.interpolate._cubic.PchipInterpolator object at 0x000001DD2AC05B00>,False,STEP1_NO_BANK,,,,,,,,
-10.443814309202162,9943.103985049229,16220.410278078423,0.9824892122338755,0.8404989996226412,<scipy.interpolate._cubic.PchipInterpolator object at 0x000001DD2AC05BE0>,False,STEP1_NO_BANK,,,,,,,,
-10.163277022641417,10023.225572399017,16324.38332845693,1.1014327261484518,0.9238260054231454,<scipy.interpolate._cubic.PchipInterpolator object at 0x000001DD2AC05CC0>,False,STEP1_NO_BANK,,,,,,,,
-11.114973069801133,9972.504512511707,16540.8963688855,1.0307374877893294,1.007059851186033,<scipy.interpolate._cubic.PchipInterpolator object at 0x000001DD2AC05DA0>,False,STEP2_EXITED_ATMOSPHERE,,,,,,,,
-10.888260678243645,9981.830744973831,16246.938134591155,1.0134137135330121,1.0196153601776583,<scipy.interpolate._cubic.PchipInterpolator object at 0x000001DD2AC05E80>,False,STEP2_EXITED_ATMOSPHERE,,,,,,,,
-10.48649220267663,10002.482852109479,15988.148690108714,1.0007027488739073,0.9971281216877635,<scipy.interpolate._cubic.PchipInterpolator object at 0x000001DD2AC05F60>,False,STEP1_NO_BANK,,,,,,,,
-10.863752629505885,9943.084921925938,15892.424959498001,0.8613610938427732,1.0011787377360624,<scipy.interpolate._cubic.PchipInterpolator object at 0x000001DD2AC060B0>,False,STEP2_EXITED_ATMOSPHERE,,,,,,,,
-11.108316186034413,10030.2655115485,16381.210994759453,0.9593525359591567,1.048773973923838,<scipy.interpolate._cubic.PchipInterpolator object at 0x000001DD2AC06270>,False,STEP2_EXITED_ATMOSPHERE,,,,,,,,
-10.839934626062384,9982.174446216966,15836.951443808981,0.9573972422538024,0.9500496877406279,<scipy.interpolate._cubic.PchipInterpolator object at 0x000001DD2AC05FD0>,False,STEP2_EXITED_ATMOSPHERE,,,,,,,,
-10.699872826732676,10061.384430851222,16019.875731927017,1.110065703170171,1.1074748689652676,<scipy.interpolate._cubic.PchipInterpolator object at 0x000001DD2AC06190>,True,SUCCESS,415.2821867162752,264.1789375175982,152.2592426017485,10.43925679300331,499999.96614553453,59539.812227372626,141.6852362503464,3518.0155949186674
-10.686218787411983,9969.41992198648,15775.106344798009,1.0248725860406578,1.1661713606568724,<scipy.interpolate._cubic.PchipInterpolator object at 0x000001DD2ACF1470>,False,STEP1_NO_BANK,,,,,,,,
-10.721729811014301,10063.541152644944,16205.233722650795,1.2206583852809365,1.1195625948246513,<scipy.interpolate._cubic.PchipInterpolator object at 0x000001DD2AC063C0>,True,SUCCESS,469.702244319246,307.7219467368978,163.09820478503653,12.647376952442988,499999.14557509165,59506.110738327,140.3455583543,3519.374980878952
-11.155712118316263,10030.043949689963,16139.578455523008,1.0657612307170754,0.94329254400568,<scipy.interpolate._cubic.PchipInterpolator object at 0x000001DD2AC066D0>,True,SUCCESS,,,,11.327520787717205,500000.74225154275,59981.76978150171,121.15277555224066,3536.891592901303
-10.533113517881716,10058.474495267168,16086.87236659755,0.9716382475521911,0.9838854176014282,<scipy.interpolate._cubic.PchipInterpolator object at 0x000001DD2AC065F0>,False,STEP1_NO_BANK,,,,,,,,
-9.86273571326875,10050.235444438838,15993.418033770904,1.2958882306871145,0.9673443214157842,<scipy.interpolate._cubic.PchipInterpolator object at 0x000001DD2AC06820>,False,STEP1_NO_BANK,,,,,,,,
-10.813621326955971,10022.67651293625,16076.94094014401,0.8290806605109726,1.1094881034332644,<scipy.interpolate._cubic.PchipInterpolator object at 0x000001DD2AC06890>,False,APOAPSIS_OUT_OF_RANGE,,,,,,,,
-10.87545586872239,10073.269265335093,16054.083451120541,0.9671793635749034,0.8503712590575203,<scipy.interpolate._cubic.PchipInterpolator object at 0x000001DD2AC06A50>,True,SUCCESS,,,,9.942987349199848,476528.22058031964,59739.596772005665,132.532498235008,3516.7731822705728
-10.798064945993655,9946.421143952553,15924.358295749027,1.023360427098345,0.9536345611546523,<scipy.interpolate._cubic.PchipInterpolator object at 0x000001DD2AC069E0>,False,STEP2_EXITED_ATMOSPHERE,,,,,,,,
-10.870344220969914,9988.494203261484,15966.935495181882,1.1582982186729203,1.11427995688508,<scipy.interpolate._cubic.PchipInterpolator object at 0x000001DD2AC06AC0>,True,SUCCESS,,,,8.422232824922935,500000.20160940464,59629.15269800209,112.83014544557818,3544.4068911972236
-10.31847913204671,9976.746293242026,15957.095883358901,0.9193340110770843,1.0447458320332206,<scipy.interpolate._cubic.PchipInterpolator object at 0x000001DD2AC06BA0>,False,STEP1_NO_BANK,,,,,,,,
-11.061833289864992,10008.72374780873,15913.243301886685,0.9336540790751131,1.0439322652238991,<scipy.interpolate._cubic.PchipInterpolator object at 0x000001DD2AC06CF0>,True,SUCCESS,458.8310632978511,298.06105325065823,162.1643899286232,9.614766464726237,499999.9776575011,59951.600894635485,128.14075436383246,3530.1386791413097
-11.10278710708066,9947.273879083257,15689.29933210769,0.9559192864844115,0.7112429388786203,<scipy.interpolate._cubic.PchipInterpolator object at 0x000001DD2AC06EB0>,False,STEP2_EXITED_ATMOSPHERE,,,,,,,,
-10.022952628981908,9975.60023544757,16336.171375717306,1.0062930985358547,1.1975724042996998,<scipy.interpolate._cubic.PchipInterpolator object at 0x000001DD2AC06E40>,False,STEP1_NO_BANK,,,,,,,,
-11.077685816878105,9959.0615900574,16300.028259640734,1.0431014167260357,1.1883648706013754,<scipy.interpolate._cubic.PchipInterpolator object at 0x000001DD2AC06F90>,False,APOAPSIS_OUT_OF_RANGE,,,,,,,,
-11.428218130864222,9972.814732642442,15816.842601901915,1.0316988275459198,1.1056750775602766,<scipy.interpolate._cubic.PchipInterpolator object at 0x000001DD2AC07070>,False,STEP2_EXITED_ATMOSPHERE,,,,,,,,
-11.101181669229371,9939.630681905965,15998.428937603585,1.0074269664023505,0.9713028268431245,<scipy.interpolate._cubic.PchipInterpolator object at 0x000001DD2AC07150>,True,SUCCESS,480.6435525254288,314.61972386895144,166.10733716494644,9.619028059805933,499999.88990485546,59931.62727786514,136.54566821794742,3522.42009348843
-10.573119925036453,9969.626474584733,15854.442099313175,1.057811254372285,0.8483010618736158,<scipy.interpolate._cubic.PchipInterpolator object at 0x000001DD2AC071C0>,True,SUCCESS,,,,8.717957378522337,500000.0673918574,59717.28665325833,135.03641125369586,3524.302133678989
-10.775721976428091,9999.819428581683,15860.281698687615,0.8498798946643854,0.9150693699707368,<scipy.interpolate._cubic.PchipInterpolator object at 0x000001DD2AC072A0>,False,STEP2_EXITED_ATMOSPHERE,,,,,,,,
-10.554005668287395,10023.752082680738,15842.007557834952,1.0876792111353584,0.881460231641578,<scipy.interpolate._cubic.PchipInterpolator object at 0x000001DD2AC070E0>,True,SUCCESS,,,,8.256777751786553,499999.955045558,60020.70924214502,128.87496684776488,3529.975709052607
-10.909173909948636,10019.250129514887,15848.109090474607,0.8509902603194369,0.8460786652765743,<scipy.interpolate._cubic.PchipInterpolator object at 0x000001DD2AC07380>,False,STEP2_EXITED_ATMOSPHERE,,,,,,,,
-10.335164157834155,10047.926894939757,15559.128776647973,1.0292174389760511,0.7924874777926273,<scipy.interpolate._cubic.PchipInterpolator object at 0x000001DD2AC07540>,False,STEP1_NO_BANK,,,,,,,,
-10.536223737224125,9970.884149528129,16201.90720648744,1.04895907012977,0.8828954789083282,<scipy.interpolate._cubic.PchipInterpolator object at 0x000001DD2AC074D0>,True,SUCCESS,452.0267940664048,292.9797604804115,160.2793080405744,8.708851372066212,500000.00504239835,59712.12116486221,136.35517960946072,3522.7853080124937
-10.658193422123496,9943.472379493278,16423.346637539853,1.0259425618255889,1.0556777473944814,<scipy.interpolate._cubic.PchipInterpolator object at 0x000001DD2AC07770>,True,SUCCESS,,,,9.117425583872866,500000.0784482292,59657.483850149256,130.42550879597275,3528.3298417411656
-10.26524513796024,10029.617202597456,16380.046430933271,1.116639489799217,0.9389581737117056,<scipy.interpolate._cubic.PchipInterpolator object at 0x000001DD2AC078C0>,False,STEP1_NO_BANK,,,,,,,,
-11.376068763256216,9982.829350927626,16180.89055113931,1.0163535285695482,1.0576366589785515,<scipy.interpolate._cubic.PchipInterpolator object at 0x000001DD2AC07850>,False,STEP2_EXITED_ATMOSPHERE,,,,,,,,
-10.134154076554706,10058.18508098635,16024.518186585596,1.014564294116031,0.911531191289292,<scipy.interpolate._cubic.PchipInterpolator object at 0x000001DD2AC07AF0>,False,STEP1_NO_BANK,,,,,,,,
-9.986386952615668,9957.227846121477,15911.950624199177,1.1970073524792857,1.0474485976741545,<scipy.interpolate._cubic.PchipInterpolator object at 0x000001DD2AC079A0>,False,STEP1_NO_BANK,,,,,,,,
-10.554074231127984,9988.547734827633,15929.848539518813,1.1352257421483896,0.9994794244534759,<scipy.interpolate._cubic.PchipInterpolator object at 0x000001DD2AC07BD0>,False,APOAPSIS_OUT_OF_RANGE,,,,,,,,
-10.724489140313679,10032.652468471277,16046.461765212189,1.050559081242111,1.0376384300249384,<scipy.interpolate._cubic.PchipInterpolator object at 0x000001DD2AC07C40>,False,STEP1_NO_BANK,,,,,,,,
-10.156028404812988,10056.834267252756,16156.823685821242,1.1674288229831846,0.9443810121843303,<scipy.interpolate._cubic.PchipInterpolator object at 0x000001DD2AC07D90>,False,STEP1_NO_BANK,,,,,,,,
